1;1.1.Машиностроительная и обробатывающая промышленость;;;;;;;;
2;;;1.1.1.Тяжелое машиностроение;;;;;;
3;;;;Металлорежущие станки;;;;;
4;;;;;;Металорежащие станки мелкосерийного производства с нормальном режимом работы: мелкие токарные, строгальные, долбежные фрезерные,светлийные, карусельные точильные, ножницы листовые, сортовые, фасонные,скрапные, арматурные;0,12 - 0,14;0,4 - 0,5;
5;;;;;;То же при крупносерийном производстве;0,16;0,5;
6;;;;;;То же при тяжелом режиме работы: штампованные прессы, автоматы, револьверные, обдирочные, зубофрезерные,а так же крупные токарные, строгальные, фрезерные, карусельные и расточные станки;0,17;0,65;
7;;;;;;То же с особо тяжелым режимом работы: приводы молотов, ковочных машин, волочильных станков, очистных барабанов, бегуноа и др;0,2 - 0,24;0,65;
8;;;;;;Шлифовальные станки шарикоподшибниковых заводов;0,2 - 0,35;0,65;
9;;;;;;Автоматические поточные линии обработки металлов;0,5 - 0,6;0,7;
10;;;;;;Механические цехи, многошпиндельные автоматы для изготовлениядеталей из прутков;0,2;0,5 - 0,6;
11;;;;;;Переносной электроинструмент;0,06;0,5;
12;;;;;;Вентиляторы, эксгаустеры, санитарно-гигиеническая вентиляция;0,6 - 0,8;0,8;
13;;;;;;Насосы, компресоры, двигатель-гениратор;0,7;0,85;
14;;;;Подъемно-транспортные механизмы;;;;;
15;;;;;;Элеваторы, транспортеры,шнеки,конвееры несбалонсированные;0,4;0,75;
16;;;;;;То же сбалонсированное;0,55;0,75;
17;;;;;;Краны, телферы при ПВ - 25%;0,05;0,5;
18;;;;;;То же при ПВ - 40%;0,1;0,5;
19;;;;Сварочное оборудование;;;;;
20;;;;;;Сварочные трансформаторы для ручной дуговой сварки и резки металлов;0,3;0,35 - 0,5;
21;;;;;;Сварочные машины шовные;0,25 - 0,35;0,7;
22;;;;;;То же стыковые и точечные;0,25 - 0,36;0,6;
23;;;;;;Сварочные трансформаторы для автоматической и дуговой сварки;0,35;0,5;
24;;;;;;Однопостовые сварочные дизели-генераторы;0,3;0,6;
25;;;;;;Многопостовые сварочные дизели-генераторы;0,5;0,7;
26;;;;;;Машины для сварки трением;0,6;0,8;
27;;;;Электрические печи;;;;;
28;;;;;;Печи сопротивления с непрерывной (автоматической) загрузкой, сушильные шкафы;0,7 - 0,8;0,95;
29;;;;;;То же с периодической закрузкой;0,5;0,85;
30;;;;;;Печи сопротивления с неавтоматической загрузкой изделий;0,5;0,95;
31;;;;;;Мелкие нагревательные приборы;0,6;1;
32;;;;;;Индукционные печи низкой частоты;0,7;0,95;
33;;;;;;Двигатель-генераторы индукционных печей высокой частоты;0,7;0,8;
34;;;;;;Ламповые генераторы индукционых печей высокой частоты;0,7;0,65;
35;;;;;;Тиристорные преоброзователи установок ТВЧ;0,7;0,65;
36;;;;;;Дуговые сталеплавильные печи емкостью от 3 до 10т с автоматическим регулированием электродов для качественных сталей с механизированной загрузкой;0,75;0,9;
37;;;;;;Для качественной сталей без механизированной загрузки;0,6;0,87;
38;;;;;;Для фасонного литья с механизированной загрузкой;0,75;0,9;
39;;;;;;Для фасонного литья без механизированной загрузки;0,65;0,87;
40;;;;;;Дуговые сталеплавильные печи емкостью от 0,5 до 1,5т для фасонного литья (в подсобных цехах с автоматическим регулированием электродов);0,5;0,8;
41;;;;;;Дуговые печи цветного металла (медные сплавы) емкостью от 0,25 до 0,5т с ручным регулированием электродов;0,7;0,75;
42;;;;;;Вспомогательные механизмы дуговых печей и печей сопротивления;0,12;0,65;
43;;;;Насосы, вентиляторы, компрессоры;;;;;
44;;;;;;Насосы, компресоры, двигатель-генираторы;0,7;0,8 - 0,85;
45;;;;;;Вентиляторы, эксгаустеры, вентиляционное оборудование;0,65;0,8;
46;;;;;;Насосы, компрессоры с синхронными электродвигателями;0,7;0,9;
47;;;1.1.2.Сельскохозяйственное машиностроение;;;;;;
48;;;;;;Станки автоматических линий механических цехов;0,3;0,65;
49;;;;;;Станки автоматических линий расчитанные по циклограмме;0,4;0,65;
50;;;;;;Станки автоматический линий тяжелого режима работы расчитанные по циклограмме;0,5;0,65;
51;;;;;;Литейное оборудование: очистные барабаны, бегуны, выбивные решетки, зачистные машины, пескометы, дробеметные камеры и др;0,5;0,65;
52;;;;;;Печи сопротивления с автоматической загрузкой напряжением 380 В;0,7;1;
53;;;;;;Печи сопотивления с автоматической загрузкой с трансформаторами 380/220 В;0,7;0,85;
54;;;;;;Печи сопотивления с неавтоматической загрузкой напряжением 380 В;0,5;1;
55;;;;;;Печи сопотивления с неавтоматической загрузкой с трансформаторами 380/220 В;0,5;0,95;
56;;;;;;Нагреватели гальванических ванн;0,6;1;
57;;;;;;Выпрямители гальванических ванн;0,7;0,8;
58;;;;;;Установки автоматической дуговой сварки, комплектуемые выпрямителями;0,35;0,8;
59;;;;;;Установки ручной дуговой сварки и резки металлов, комплектуемые выпрямителями;0,3;0,8;
60;;;;;;Установки автоматической дуговой сварки, комплектуемые преоброзователями;0,35;0,7;
61;;;;;;Установки ручной дуговой сварки и резки металлов, комплектуемые преоброзователями;0,3;0,7;
62;;;;;;Стенды для испытания узлов и агрегатов без рекуперации электроэнергии в сеть;0,4;0,65;
63;;;;;;Зарядные агрегаты аккумуляторов;0,7;0,65;
64;;;;;;Лаборатороное оборудование, дефектоскопы, испытательные машины и др;0,1;0,5;
65;;;;;;Оборудование вычислительных центров ЭВМ;0,4;0,6;
66;;1.2.Автомобильная промышленность;;;;;;;
67;;;;;;Электродвигатели хорошо загруженных, непрерывно работающих механизмов: вентиляторов, насосов, центрифуг и.т.п;0,6 - 0,65;0,8;
68;;;;;;Электродвигатели индивидуального привода станков нормального режима работы: токарных, фрезерных, сверлийных, карусельных, строгальных, долбежных и.т.п;0,12 - 0,14;0,5 - 0,65;
69;;;;;;То же тяжелого режима работы: зубофрезерных, обдирочных.револьверных автоматов, штаповочных эксцентриковых прессов, станков-автоматов, агрегатных станков и.т.п;0,17 - 0.2;0,65;
70;;;;Автоматические паточные линии;;;;;
71;;;;;;а). механо-обработки;0,3 - 0,4;0,6 - 0,65;
72;;;;;;б). кузнечного производства;0,5 - 0,55;0,7;
73;;;;;;в). прессово-штамповочного производства;0,6;0,7;
74;;;;;;г). сварочного производства;0,4;0,6;
75;;;;;;Электродвигатели повторно-кратковременного режима работы: кранов, тельферов, кран-балок, подъемников, вспомогательных двигателей, роль-гангов, подъемных столов,редукторов для открывания фромуг и.т.п. В механических, сборочных и им подобным цехах для ПВ = 25%;0,06;0,45;
76;;;;;;То же в литейных, кузнечных и им подобных цехах для ПВ = 40%;0,1;0,5;
77;;;;;;Электродвигатели механизмов непрерывного транспорта: транспортеры. Элеватоы, конвееры и.т.п, несбалансированные;0,4;0,7;
78;;;;;;То же сбалонсированные;0,5;0,75;
79;;;;;;Лабораторные нагревательные приборы: автоклавы, сушильные шкафа и.т.п;0,3;0,95;
80;;;;;;Электрические печи сопротивления, нагревательные аппараты, сушильные шкафы, камеры сушки, ванны и.т.п, периодического действия;0,5;0,95;
81;;;;;;То же, непрерывного действия;0,7;0,95;
82;;;;;;Печи индукционные низкой частоты;0,75;0,85;
83;;;;;;Печи индукционные высокой частоты с собственными двигатель-генераторами;0,6;0,7;
84;;;;;;То же, с ламповыми генераторами;0,75;0,8;
85;;;;;;Мотор-генераторы высокой частоты;0,6;0,75;
86;;;;;;Генераторы высокой частоты одномашинные;0,65;0,8;
87;;;;;;Дуговые сталеплавильные печи емкостью от 3 до 10т с автоматическим регулированием электродов для качественных сталей и для фасонного литья с механизированной загрузкой;0,7;0,9;
88;;;;;;То же но без механизированной загрузки;0,55;0,85;
89;;;;;;Дуговые сталеплавильные печи емкостью 0,5 -1,5т для фасонного литья с автоматическим регулированием электродов без механизированной загрузки;0,5;0,8;
90;;;;;;Дуговые печи цветного металла (медные сплавы) емкостью от 0,25 до 0,5т с ручным регулированием электродов без механизированной загрузки;0,5;0,85;
91;;;;;;То же, с механизированной загрузкой непрерывного действия;0,6;0,85;
92;;;;;;"Рудотермические печи с трехфазными трансформаторами 6; 7,5 и 9 мВА";0,7;0,9;
93;;;;;;Нагревательные приборы и аппараты (печи сопротивления) в административно-бытовых и медико-санитарных службах;0,5;0,95;
94;;;;;;Мелкие нагревательные приборы;0,3;0,95;
95;;;;Сварочные трансформаторв дуговой ручной сварки:;;;;;
96;;;;;;однопостовой;0,2;0,35;
97;;;;;;многопостовой;0,3;0,4;
98;;;;;;Сварочные трансформаторы автоматической и полуавтоматической сварки;0,35;0,5;
99;;;;;;Автоматы и машины дуговой сварки;0,4;0,65;
100;;;;;;Сварочные машины шовные;0,25;0,65;
101;;;;;;То же, стыковые и точечные;0,35;0,6;
102;;;;;;Сварочные двигатель-генераторы:;;;
103;;;;;;однопостовые;0,3;0,65;
104;;;;;;многопостовые;0,5;0,75;
105;;;;Дуговая сварка постоянным током с полупроводниковыми выпрямителями ручная:;;;;;
106;;;;;;однопостовая;0,35;0,5;
107;;;;;;многопостовая;0,45;0,5;
108;;;;;;Нагреватели заклепок;0,35;0,55;
109;;;;;;Контактный нагрев под штамповку;0,5;0,65;
110;;;;;;Контактные машины;0,6;0,7;
111;;;;;;Многошпиндельные автоматы для изготовления деталей из прутков;0,2;0,5;
112;;;;;;Шлифовальные станки шарикоподшибниковых заводов;0,3;0,65;
113;;;;;;Испытательные стенды мелкомоторные;0,2;0,65;
114;;;;;;То же, крупномоторные;0,25;0,6;
115;;;;;;Мелкомоторные испытательные лабораторные установки и приборы;0,1;0,5;
116;;;;;;ЭВМ и отчетно-решающие машины;0,15;0,6;
117;;;;;;Устройство электропитания радиотрансляционных узлов, узлов связи и.т.п;0,6;0,75;
118;;;;;;Преобразовательные агрегатных станций, автокар, аккумуляторов автомашин и.т.п;0,5;0,7;
119;;;;;;Выпрямительные устройства гальвано-цехов на полупроводниковых выпрямителях;0,6;0,8;
120;;;;;;Электроосвещение;0,85;0,95;
121;;1.3.Приборостроительная промышленность;;;;;Ки;cosfi;
122;;;;;;Линия изготовления тары из полистиролла;0,6;0,85;
123;;;;;;Машины для сварки полимеров;0,5;1;
124;;;;Подъемно-транспортное оборудование;;;;;
125;;;;;;Краны-штабелеры;1;0,5;
126;;;;;;Стелажи механизированные;0,4;0,75;
127;;;;;;Лифты грузовые;0,2;0,6;
128;;;;;;Лифты пассажирские;0,15;0,55;
129;;;;;;Приводы открывания ворот;0,05;0,75;
130;;;;Термическое оборудование;;;;;
131;;;;;;Установки приготовления защитной атмосферы:;;;
132;;;;;;Нагреватели;0,5;0,85;
133;;;;;;Вентиляторы;0,7;0,8;
134;;;;Окрасочное, моечное и сушильное оборудование:;;;;;
135;;;;;;Установки ультрозвуковой очистки;0,7;0,7;
136;;;;;;Установки моечные с подогревом;0,6;0,7;
137;;;;;;Установки моечные полуавтомат;0,7;0,65;
138;;;;;;Установки сушильные;0,5;0,85;
139;;;;;;Камеры окрасочные механизированные;0,7;0,85;
140;;;;;;Ванна;0,6;0,85;
141;;;;;;Конвееры окрасочные;0,7;0,83;
142;;;;;;Выпрямитель;0,6;0,8;
143;;;;;;Линии гальванопокрытий;0,7;0,8;
144;;;;Установки постоянного тока;;;;;
145;;;;;;Модульные линии;0,65;0,8;
146;;;;;;Линии меднения;0,6;0,9;
147;;;;;;Линии подготовки поверхности;0,65;0,8;
148;;;;;;Линии осветления сплава;0,6;0,85;
149;;;;;;Линии отмывки плат;0,7;0,85;
150;;;;;;Регенератор;0,7;0,8;
151;;;;;;Установки химического травления;0,65;0,85;
152;;;;;;Установки лужения плат;0,6;0,85;
153;;;;;;Модуль проявления;0,65;0,8;
154;;;;;;Модуль окрашивания;0,5;0,65;
155;;;;;;Модуль промывки;0,7;0,85;
156;;;;;;Модуль химического дубления;0,65;0,8;
157;;;;;;Полуавтомат трафарет печати;0,5;0,65;
158;;;;Камера тепла и влаги.;;;;;
159;;;;;;Насос;0,7;0,8;
160;;;;;;Нагрев;0,5;0,85;
161;;;;;;Выпрямитель;0,7;0,8;
162;;;;;;Устройство автоматической загрузки;0,55;0,75;
163;;;;;;Установка механической зачистки;0,12;0,4;
164;;;;;;Установка приготовления эмульсии ;0,7;0,8;
165;;;;;;Термобарокамера. Насос;0,7;0,8;
166;;;;;;Нагрев;0,5;0,85;
167;;;;;;Установка моеч.вибрац.;0,7;0,8;
168;;;;;;Барабан галтовочный;0,5;0,65;
169;;;;;;Ванны;0,6;0,8;
170;;;;;;Смеситель эмульсии;0,3;0,85;
171;;;;;;Фильтр;0,35;0,85;
172;;;;;;Дистиллятор;0,7;0,9;
173;;;;;;Линия транспорт.подвесок;0,55;0,75;
174;;;;;;Ванны;0,5;0,8;
175;;;;;;Модульные линии;0,5;0,8;
176;;;;;;Линии гальванопокрытий;0,5;0,8;
177;;;;;;Установка нанесения фоторезист;0,6;0,85;
178;;;;;;Установка экспонирования;0,6;0,85;
179;;;;;;Установка нанесения сплава;0,6;0,85;
180;;;;;;Установка снятия фоторезиста;0,65;0,8;
181;;;;;;Установка проявления;0,65;0,8;
182;;;;;;Установка травления печ.плат;0,65;0,8;
183;;;;;;Установка оплавления;0,6;0,85;
184;;;;;;Установка струйная;0,6;0,85;
185;;;;;;Установка снятия краски;0,65;0,85;
186;;;;;;Установка узг.промывки плат;0,7;0,85;
187;;;;;;Линия химической металлизации;0,6;0,8;
188;;;;;;Установка печати;0,5;0,7;
189;;;;;;Выпрямители дя зарядной;0,5;0,8;
190;;;;Сборочное оборудование;;;;;
191;;;;;;Аппарат А М;0,7;0,85;
192;;;;;;Приводы;0,7;0,85;
193;;;;;;Оборудование по подготовки проводов, кабелей;0,7;0,85;
194;;;;;;Оборудование по подготовки микросхем;0,7;0,85;
195;;;;;;Стенды;0,7;0,85;
196;;;;;;Термобарокамера;0,7;0,85;
197;;;;;;Контрольно-испытательное оборудование;0,7;0,85;
198;;;;;;Оборудование автоматизированной сборки плат;0,7;0,85;
199;;;;;;Оборудование автоматизированной пайки плат;0,7;0,85;
200;;;;;;Оборудование намоточное;0,7;0,85;
201;;;;;;Оборудование пропитки и заливки;0,7;0,85;
202;;;;;;Прессы;0,17;0,65;
203;;;;;;Станки;0,12;0,4;
204;;;;Испытательное оборудование;;;;;
205;;;;;;Приборы;0,3;0,8;
206;;;;;;Стенды;0,5 - 0,85;0,85;
207;;;;;;Машины для статических испытаний;0,7;0,85;
208;;;;;;Электроинструмент;0,06;0,5;
209;;;;;;Лабораторные приборы;0,5;0,9;
210;;;;;;Стол с подсветом;0,6;1;
211;;;;;;Щиты автоматики;1;1;
212;;;;Общезаводские установки;;;;;
213;;;;;;Электроосвещение;0,95;0,95;
214;;;;;;Вычислительные комплексы при числе 3 и более;0,85;0,8;
215;;1.4.Нефтеная и нефтеперерабатывающая промышленость;;;;;Ки;cosfi;
216;;;;Нефтепромыслы;;;;;
217;;;;;;Электропогружные насосы мощностью до 35 кВт;0,95;0,7;
218;;;;;;Электропогружные насосы мощностью свыше 35 кВт;0,8;0,75;
219;;;;;;Станки-качалки высоко и средне-битные скважин (свыше 10т/сутки);0,35;0,4;
220;;;;;;Станки-качалки низкодебитных скважин (менее 10т/сутки);0,25;0,35;
221;;;;;;Насосы перекачки невти со сборных пунктов на товарные парки;0,4;0,85;
222;;;;;;Насосы перекачки невти с товарных парков потребителю;0,7;0,8;
223;;;;;;Насосы подачи воды для нужд законтурного обводнения;0,7;0,85;
224;;;;;;Насосы подачи воды в пласт;0,75;0,9;
225;;;;;;Прочее электрооборудование 0,4 кВ;0,7;0,7;
226;;;;Нефтепереработка;;;;;
227;;;;;а).Каталический риформинг:;;;;
228;;;;;;Насосы;0,88;0,9;
229;;;;;;Вентиляторы;0,78;0,71;
230;;;;;;Газовые компресоры;0,61;0,94;
231;;;;;;Воздуходувки, газодувки;0,7;0,81;
232;;;;;б).Деасфальтизация:;;;;
233;;;;;;Насосы;0,78;0,89;
234;;;;;;Вентиляторы;0,5;0,72;
235;;;;;;Газовые компресоры;0,47;0,8;
236;;;;;в).Депарафинизация:;;;;
237;;;;;;Насосы;0,85;0,9;
238;;;;;;Вентиляторы;0,58;0,67;
239;;;;;;Газовые компресоры;0,73;0,93;
240;;;;;г).Селективная очистка:;;;;
241;;;;;;Насосы;0,81;0,85;
242;;;;;;Вентиляторы;0,66;0,69;
243;;;;;д).Измельчение суматорных ксилолов;;;;
244;;;;;;Насосы;0,62;0,87;
245;;;;;;Вентиляторы;0,63;0,7;
246;;1.5.Электротехническая промышленность;;;;;Ки;cosfi;
247;;;;Специальное технологическое оборудование;;;;;
248;;;;;;Барабаны смесительные и сушительные скруберы;0,6 - 0,7;;
249;;;;;;Электромагнитный сипараторы индивидуальные;0,4;;
250;;;;;;Двигатель-генераторы ;0,7;;
251;;;;;;Электровибрационные машины;0,8;;
252;;;;;;Кузнечные машины (механизмы кузнечных цехов);0,25 - 0,35;;
253;;;;;;Литейные машины, очистные и кантовочные барабаны, бегуны, шаровые мельницы и.т.п;0,3;;
254;;;;Оборудование электролампового производства;;;;;
255;;;;;;Заварочные откачные автомашины;0,4 - 0,6;;
256;;;;;;Откачные посты (стенды);0,4 - 0,5;;
257;;;;;;Автоматы для спекания штабиков (вольфрама, молибдена, тантала и.т.п);0,4;;
258;;;;;;Сварочные автоматы;0,1 - 0,2;;
259;;;;;;Высокочастотный генератор;0,3 - 0,5;;
260;;;;;;Вакуум-пропиточные установки;0,4;;
261;;;;Оборудование испытательных станций;;;;;
262;;;;;;Двигатель-генератор сетевой мощностью до 25 кВт;0,6 - 0,7;;
263;;;;;;Двигатель-генератор сетевой мощностью от 25 до 100 кВт;0,5 - 0,65;;
264;;;;;;Двигатель-генератор сетевой мощностью свыше 100 кВт;0,25 - 0,3;;
265;;;;;;Двигатель-генератор для индивидуального питания стендов до 25 кВт;0,3 - 0,5;;
266;;;;;;Двигатель-генератор для индивидуального питания стендов от 25 до 100 кВт;0,25 - 0,1;;
267;;;;;;Двигатель-генератор для индивидуального питания стендов свыше 100 кВт;0,25 - 0,2;;
268;;;;;;Индукционные регуляторы сетевые;0,5 - 0,6;;
269;;;;;;То же индивидуальные;0,2;;
270;;;;;;Выпрямители полупроводниковые;0,4;;
271;;;;;;То же ртутные;нет;;
272;;;;;;Автотрансформаторы индивидуальные;0,2;;
273;;;;;;То же сетевые;0,6;;
274;;;;;;Трансформаторы индивидуальные;0,15;;
275;;;;;;То же сетевые;0,6;;
276;;;;;;Тренировочные стенды;0,6;;
277;;;;;;Установка для испытаний на пробой;0,1;;
278;;;;;;Лабораторное оборудование;0,25;;
279;;;;Испытательные стенды для бытового электрооборудования;;;;;
280;;;;;;То же для полупроводниковых вентилей;;;
281;;;;;;Испытательные стенды для крупныхизделий;;;
282;;;;;;Вибростенды;;;
283;;;;;;Камеры испытательные;;;
284;;;;;;Камеры климатических испытаний;;;
285;;;;;;То же полкпроводникового производства;;;
286;;;;Металлорежужие станки;;;;;
287;;;;;;Металорежащие станки мелкосерийного производства с нормальном режимом работы: ;;;
288;;;;;;мелкие токарные, строгальные, долбежные фрезерные,светлийные, карусельные точильные, ножницы листовые, сортовые, фасонные,скрапные, арматурные;0,14;;
289;;;;;;То же при крупносерийном производстве с нормальном режимом работы;0,17;;
290;;;;;;Металорежущие станки мелкосерийного производства с особо тяжелым режимом работы, а так же привода молотков, ковочных машин, волочильных станков и.т.п;0,2 - 0,24;;
291;;;;Сварочное оборудование;;;;;
292;;;;;;Сварочные трансформаторы для ручной дуговой сварки ;0,35;;
293;;;;;;Сварочные трансформаторы для автоматической дуговой сварки;0,5;;
294;;;;;;Однопостовые сварочные дизели-генераторы;0,3;;
295;;;;;;Сварочные машины (нагреватели заклепок);0,35;;
296;;;;Электрические печи;;;;;
297;;;;;;Сушильные камеры периодического действия;0,55;;
298;;;;;;Стекольные печи для плавки кварцевого стекла;0,75;;
299;;;;;;Высокочастотные печи для вытяжки кварцевых трубок;0,8;;
300;;;;;;Печи сопротивления с непрерывной загрузкой, конвеерные, толкательные;;;
301;;;;;;Печи сопротивления с периодической загрузкой;0,6;;
302;;;;;;Нагревательные аппараты;0,6;;
303;;;;;;Сушильные шкафы;0,75;;
304;;;;Механизмы непрерывного транспорта;;;;;
305;;;;;;Элеватторы ковшовые, вертикальные и наклонные, шнеки конвееры и.т.п несбалансированные;0,4;;
306;;;;;;То же сбалонсированные;0,55;;
307;;;;;;Питатели пластинчатые, барабанные, дисковые и.т.п;0,3 - 0,4;;
308;;;;;;Конвееры легкие мощностью до 10 кВт;0,4 - 0,5;;
309;;;;;;То же свыше 10 кВт;;;
310;;;;;;Транспортеры ленточные;0,5 - 0,65;;
311;;;;;;Транспортеры винтовые;0,65;;
312;;;;Механизмы драбления и измельчения;;;;;
313;;;;;;Дробилки шнековые и конусные для крупного дробления;0,4;;
314;;;;;;То же среднего дробления;0,6 - 0,7;;
315;;;;;;Дробилки конусные для мелкого дробления, валковые и молотковые мощностью до 100 кВт;0,75 - 0,8;;
316;;;;;;То же свыше 100 кВт;0,75 - 0,85;;
317;;;;;;Грохоты;0,5 - 0,6;;
318;;;;;;Мельницы шаровые;0,75 - 0,9;;
319;;;;Краны, тельферы, подъемники;;;;;
320;;;;;;Грейферные краны;0,35;;
321;;;;;;Магнитные краны;0,5;;
322;;;;;;Штабеллеры;0,16;;
323;;;;;;Скиповый подъемник;0,05;;
324;;;;;;Электротележки;0,1;;
325;;;;Вентиляторы, насосы, компрессоры;;;;;
326;;;;;;Вентиляторы санитарно-гегеинической вентиляции;0,6 - 0,65;;
327;;;;;;Вентиляторы производственные;0,7 - 0,85;;
328;;;;;;Вентиляторы к стекальным печам;;;
329;;;;;;Вентиляторы к дробилкам;0,4 - 0,45;;
330;;;;;;Насосы водяные;0,7 - 0,8;;
331;;;;;;Насосы песковые;0,8 - 0,9;;
332;;;;;;Вакуум насосы;0,9;;
333;;;;;;Насосы автоматизированных артскважин;0,65;;
334;;;;;;Дымососы;0,9;;
335;;;;;;Газодувки;0,8;;
336;;;;;;Воздуходувки;0,5 - 0,7;;
337;;;;;;Компрессоры;0,65;;
338;;1.6.Черная металлургия;;;;;Ки;cosfi;
339;;;;Коксохимическое производство;;;;;
340;;;;;;Транспортеры винтовые;0,3 - 0,7;0,4 - 0,6;
341;;;;;;Транспортеры катучие;0,3;0,75;
342;;;;;;Питатели пластинчатые и ленточные;0,45;0,75;
343;;;;;;Дробилки молотковые;0,8;0,8;
344;;;;;;Дозированные столы;0,25;0,5;
345;;;;;;Штабеллеры;0,16;0,6 - 0,7;
346;;;;;;Углеперегружатели;0,14;0,5;
347;;;;;;Коксовыталкиватели;0,1;0,75;
348;;;;;;Загрузочные вагоны;0,3;0,6;
349;;;;;;Двересъемные машины;0,25;0,7;
350;;;;;;Электровозы сушильных машин вагонов;0,16;0,75;
351;;;;;;Скиповые подъемники;0,05;0,5;
352;;;;;;Кабестаны;0,5;0,7;
353;;;;;;Вагоноопракидователи;0,35 - 0,45;0,5 - 0,6;
354;;;;Доменный цех;;;;;
355;;;;;;Вентиляторы;0,7 - 0,95;0,7 - 0,87;
356;;;;;;Вентяляторы газовых горелок;0,65;0,85;
357;;;;;;Вращающиеся распределители;0,03;0,7;
358;;;;;;Грохоты кокса и затворы;0,12;0,5;
359;;;;;;Разливочные машины;0,3;0,6;
360;;;;;;Бегуны;0,7;0,65;
361;;;;;;Воздухонагреватели;0,5;0,82;
362;;;;;;Газоочистка;0,7;0,7;
363;;;;;;Краны рудного двора;0,35;0,7;
364;;;;;;Грейферные краны;0,35;;
365;;;;Мартеновский цех;;;;;
366;;;;;;Насосы питательные мартеновского цеха;0,9;0,9;
367;;;;;;Дымососы мартеновского цеха;0,9;0,9;
368;;;;;;Печные заслонки мартеновских печей;0,25;0,6;
369;;;;;;Вентиляторы принудительного дутья;0,5 - 0,7;0,7 - 0,8;
370;;;;;;Магнитные краны;0,5;;
371;;;;;;Краны разливочные мартеновского цеха;0,22;;
372;;;;;;Краны заливочные мартеновского цеха;0,2;0,6;
373;;;;;;Завалочные машины;0,35;;
374;;;;;;Краны двора изложниц;0,4;0,6;
375;;;;Конверторный цех;;;;;
376;;;;;;Насосы высокого давления охлаждения форм;0,9;0,9;
377;;;;;;Преоброзователи привода наклона конвертора;0,25;;
378;;;;;;Сталевозные и шлаковозные тележки;0,1;;
379;;;;;;Вентиляторы;0,6 - 0,7;0,7 - 0,8;
380;;;;;;Разливочные краны;0,22;0,6;
381;;;;;;Заливочные краны;0,2;0,6;
382;;;;;;Механизмы подачи сыпучих;0,25 - 0,5;0,6 - 0,7;
383;;;;;;Дымососы односкоростные с синхронными двигателями;0,9;0,9 (оп);
384;;;;;;Дымососы двухскоростные с асинхронными двигателями;0,6;0,7;
385;;;;Вспомогательные механизмы прокатных станков;;;;;
386;;;;;;Рольганки раскатные;0,1 - 0,3;0,6;по данным завода изготовителя
387;;;;;;Рольганки у ножниц;0,22;;
388;;;;;;Рольганки приемные;0,34;;
389;;;;;;Рольганки у весов;0,3;;
390;;;;;;Рольганки центральные;0,1;0,88;
391;;;;;;Рольганки станинные;0,2;;
392;;;;;;Рольганки отводящие;0,25;;
393;;;;;;Рольганки стана 250 - I;0,1;;
394;;;;;;Рольганки стана 140;0,15;;
395;;;;;;Рольганки в среднем;0,17;;
396;;;;;;Роликоправильные машины;0,15;;
397;;;;;;Преобразовательчастоты рольгангов;0,2 - 0,5;;
398;;;;;;Кантователи;0,2;0,7;
399;;;;;;Кантователи основной и дополнительной клети стана 300;0,35;;
400;;;;;;Манипуляторы, нажимные устройство;0,2;;
401;;;;;;Сталкиватели;0,12;;
402;;;;;;Толкатели слябов;0,32;;
403;;;;;;Штабелирующие столы;0,1;0,8;
404;;;;;;Вентиляторы манинных залов;0,65;0,8;
405;;;;;;Вентиляторы прокатных станов;0,7 - 0,75;0,75 - 0,9;
406;;;;;;Краны отделения разделения слитков;0,3;;
407;;;;;;Клещеывые (колодцевые) краны прокатного цеха;0,5 - 0,6;;
408;;;;;;Транспортеры обрезков слябов;0,1 - 0,22;;
409;;;;;;Транспортные краны готовой продукции;0,45;0,6;
410;;;;;;Конвееры;0,35;0,7;
411;;;;;;Краны отделения заготовок;0,45;0,6;
412;;;;;;Шарнир-краны;0,3;0,6;
413;;;;;;Слитковозы;0,2;;
414;;;;;;Трансферкары, привод;0,35 - 0,45;;
415;;;;;;Подъемные столы, толкатели;0,15;;
416;;;;;;Двигатели крышек;0,1;0,65;
417;;;;;;Ножницы холодной резки;0,45;0,65;
418;;;;;;Пилы и ножницы горячей резки;0,15;0,9;
419;;;;;;Ножницы блюминга;0,25;0,5;
420;;;;;;Транспортеры ножниц;0,25;0,9;
421;;;;;;Ножницы района холодильника;0,3;0,5;
422;;;;;;Вращение и перемещение пил горячей резки;0,5;;
423;;;;;;Роликоправильные машины;0,15;;
424;;;;;;Направляющие линейки и нажимные механизиы чистовых клетей;0,01;0,75;
425;;;;;;Тянущие ролики моталок;0,2 - 0,4;;
426;;;;;;Гильотинные ножницы;0,13;0,5;
427;;;;;;Шлеппера;0,25;0,7;
428;;;;;;Крышки нагревательных колодцев, шиберы, перекидка клапанов, заслонкинагревательных печей, тарельчатые клапаны;0,1;0,6;
429;;;;Установки непрерывной разливки стали (УНРС);;;;;
430;;;;;;Механизмы качание кристализаторов;0,6;0,8;
431;;;;;;Тянущая клеть;0,7;0,8;
432;;;;;;Механизмы газовой резки;0,5;0,7;
433;;;;;;Механизмы уборки отрезанных слитков;0,5;0,6;
434;;;;;;Технологические вентиляторы;0,8;0,8;
435;;;;;;Насосы насосно-аккумуляторной станции;0,6;0,8;
436;;;;Ферросплавное производство;;;;;
437;;;;;;Транспортеры, элеваторы, питатели;0,45 - 0,5;0,7;
438;;;;;;Задувки;0,8;0,9;
439;;;;;;Насосы, дымососы;0,65 - 0,7;0,85;
440;;;;;;Краны;0,15 - 0,2;0,6;
441;;;;;;Механизмы открывания фрамуг;0,02;0,5;
442;;;;;;Вспомогательные механизмы печей;0,12;0,6;
443;;;;;;Очистные барабаны;0,25;0,65;
444;;;;;;Дробилки, грохоты;0,7;0,8;
445;;;;Огнеупорные заводы и цехи;;;;;
446;;;;;;Дробилки молотковые;0,8;0,85;
447;;;;;;Дробилки молотковые;0,55 - 0,7;0,75 - 0,8;
448;;;;;;Мельницы шаровые;0,8;0,8;
449;;;;;;Мельницы стержневые;0,7;0,75;
450;;;;;;Грохоты;0,5 - 0,6;0,6 - 0,7;
451;;;;;;Конвейеры до 10 кВт;0,4 - 0,5;0,7 - 0,8;
452;;;;;;Конвейеры свыше 10 кВт;0,55 - 0,75;0,6 - 0,85;
453;;;;;;Питатели пластичные, тарельчатые, барабанные,дисковые;0,3 - 0,4;0,5 - 0,6;
454;;;;;;Элеваторы, шнеки;0,6;0,7;
455;;;;;;Механизмы вращающихся печей;0,6;0,7;
456;;;;;;Дымососы печей;0,7;0,8;
457;;;;;;Краны, электролафеты;0,1 - 0,2;0,6 - 0,7;
458;;;;;;Толкатели туннельных печей;0,2;0,5;
459;;;;;;Прессы гидравлические и функциональные;0,6 - 0,65;0,75 - 0,8;
460;;;;;;Насосно-аккумуляторные станции;0,7;0,8;
461;;;;;;Электрофильтры;0,5;0,7;
462;;;;;;Механизмы пылеуборки;0,46;0,85;
463;;;;;;Сушильные барабаны;0,6;0,7;
464;;;;;;Магнитные сепараторы;0,4;;
465;;;;Термические и сварочные электроприемники;;;;;
466;;;;;;Печи сопротивления с непрерывной загрузкой;0,8;0,95 - 0,98;
467;;;;;;То же с периодической закрузкой;0,6;0,95 - 0,98;
468;;;;;;Печи сопротивлений с автоматической загрузкой изделий, сушильные шкафа, нагревательные приборы;0,75 - 0,8;0,95 - 0,98;
469;;;;Дуговые сталеплавильные печи емкостью 3 - 20т с автоматическим регулированием электродов;;;;;
470;;;;;;а).для качественных сталей с механизированой загрузкой;0,75;0,9;
471;;;;;;б).для качественной стали без механизированной загрузки;0,6;0,87;
472;;;;;;в).для фасонного литья с механизированной загрузкой;0,75;0,9;
473;;;;;;г).для фасонного литья без механизированной загрузкой;0,65;0,87;
474;;;;;;Дуговые сталеплавильные печи емкостью 0,5 - 1,5т для фассоного литья ( во вспомогательных цехах с автоматическим регулированием электродов);0,5;0,8;
475;;;;;;Дуговые печи цветного литья (медные сплавы) емкостью 0,25 - 0,5т с ручным регулированием электродов;0,7;0,75;
476;;;;;;Руднотермические печи с трехфазными трансформаторами 6, 7, 5 и 9 мВА;0,9;0,9;
477;;;;;;Сушильные шкафы;0,75 - 0,8;1;
478;;;;Вакуумные дуговые печи с преобразовательными трансформаторами ТМНЦУ;;;;;
479;;;;;Типовые печи I;;;;
480;;;;;;Диаметр кристализатора 160 мм, рабочий ток 3 - 3,6 кА;0,4;;
481;;;;;;Диаметр кристализатора 320 мм, рабочий ток 3 - 3,6 кА;0,06 - 0,1;;
482;;;;;;Диаметр кристализатора 320 мм, рабочий ток 5 -7 кА;0,1 - 0,13;;
483;;;;;;Диаметр кристализатора 320 мм, рабочий ток 8 - 9 кА;0,13 - 0,16;;
484;;;;;Типовые печи II;;;;
485;;;;;;Диаметр кристализатора 400 мм, рабочий ток 5 - 7 кА;0,1 - 0,13;;
486;;;;;;Диаметр кристализатора 400 мм, рабочий ток 8 - 9 кА;0,13 - 0,17;;
487;;;;;Типовые печи III;;;;
488;;;;;;Диаметр кристализатора 400 мм, рабочий ток 5 - 7 кА;0,05 - 0,07;;
489;;;;;;Диаметр кристализатора 400 мм, рабочий ток 8 - 9 кА;0,07 - 0,14;;
490;;;;;;Диаметр кристализатора 630 мм, рабочий ток 8 - 9 кА;0,1 - 0,14;;
491;;;;Вакуумные дуговые печи с преобразовательными трансформаторами ТМПУ;;;;;
492;;;;;Типовые печи I;;;;
493;;;;;;Диаметр кристализатора 160 мм, рабочий ток 3 - 3,6 кА;0,04 - 0,06;;
494;;;;;;Диаметр кристализатора 320 мм, рабочий ток 3 - 3,6 кА;0,09 - 0,16;;
495;;;;;;Диаметр кристализатора 320 мм, рабочий ток 5 -7 кА;0,16 - 0,2;;
496;;;;;;Диаметр кристализатора 320 мм, рабочий ток 8 - 9 кА;0,2 - 0,25;;
497;;;;;Типовые печи II;;;;
498;;;;;;Диаметр кристализатора 400 мм, рабочий ток 5 - 7 кА;0,16 -0,2;;
499;;;;;;Диаметр кристализатора 400 мм, рабочий ток 8 - 9 кА;0,2 - 0,27;;
500;;;;;Типовые печи III;;;;
501;;;;;;Диаметр кристализатора 400 мм, рабочий ток 5 - 7 кА;0,08 - 0,11;;
502;;;;;;Диаметр кристализатора 400 мм, рабочий ток 8 - 9 кА;0,11 - 0,16;;
503;;;;;;Диаметр кристализатора 630 мм, рабочий ток 8 - 9 кА;0,16 - 0,22;;
504;;;;;;Мелкие нагревательные приборы;0,6;1;
505;;;;;;Сварочные трансформаторв электросварки однопостовой;0,2;0,3 - 0,4;
506;;;;;;Сварочные трансформаторв электросварки многопостовой;0,25;0,35 - 0,45;
507;;;;;;Сварочные трансформаторы автоматической сварки;0,3 - 0,4;0,4 - 0,5;
508;;;;;;Однопостовые сварочные двигатель-генераторы;0,3;0,6 - 0,65;
509;;;;;;Многпостовые сварочные двигатель-генераторы;0,5;0,7 -0,75;
510;;;;;;Сварочные машины шовные;0,2 - 0,5;0,7;
511;;;;;;То же стыковые и точечные;0,2 - 0,25;0,6;
512;;;;;;Сварочные дуговые автоматы АДС;0,35;0,5;
513;;;;;;Сварочные трансформаторы дуговой электросварки;0,2;0,4;
514;;;;;;Ламповые генераторы индукционых печей высокой частоты;;0,65;
515;;;;;;Двигатель-генераторы индукционных печей высокой частоты;;0,8;
516;;;;Общезаводские установки и механизмы;;;;;
517;;;;;;Насосы;0,6 - 0,7;0,75 -0,85;
518;;;;;;Компрессоры;0,65;0,8;
519;;;;;;Механическое станочное оборудование;0.16;0,5 - 0,6;
520;;;;;;Деревообрабатывающие станки;0,55;0,75;
521;;;;;;Котельная;0,6;0,75;
522;;;;;;Сантехвентиляция;0,6 - 0,7;0,7 - 0,8;
523;;;;;;Внутренее освещение производственных цехов;0,85 - 0,95;0,95 - 1;
524;;;;;;Внутренее освещение вспомогательных цехов;0,9;1;
525;;;;Метизное производство. Сталепроволочное и железопроволочное производство;;;;;
526;;;;;;Волочильные станы;0,3 - 0,45;0,8 - 0,87;
527;;;;;;Электропечи сопротивления для термической обработки;0,6 - 0,65;1;
528;;;;;;Производственные вентиляторы и воздуходуйки;0,65;0,75;
529;;;;;;Центробежные насосы;0,6;0,7;
530;;;;;;Краны и тельферы;0,1;0,65;
531;;;;;;Сварочные аппараты;0,05;0,6;
532;;;;;;Калибровочное производство;0,35 - 0,5;0,78;
533;;;;;;Электропечи сопротивления для термической обработки;0,6 - 0,65;1;
534;;;;Крепежное производство;;;;;
535;;;;;;Автоматические линии изготовления гаек, болтов, шурупов;0,35 - 0,4;0,65 - 0,7;
536;;;;;;Электропечи сопротивления для термической обработки;0,6;1;
537;;;;Холоднопрокатное производство;;;;;
538;;;;;;Прокатное и отделочное производство (станы);0,3 - 0,4;0,8 - 0,85;
539;;;;;;Электропечи сопротивления для термической обработки;0,6;1;
540;;;;;;Агрегаты непрерывного травления;0,4 -0,45;0,75 - 0,8 ;
541;;;;Канатное производство;;;;;
542;;;;;;Канатные машины;0,35 - 0,4;0,71;
543;;;;Электродное производство;;;;;
544;;;;;;Прессовка и сушилка электродов;0,35 - 0,46;0,7 - 0,8;
545;;;;;;Дробильно-сушильное отделение и смесители;0,4 - 0,45;0,65 - 0,7;
546;;;;;;Водочильные станы порошковой проволоки;0,3 - 0,4;0,7 - 0,8;
547;;;;;;Вентиляторы пневмотранспорта;0,6 - 0,65;0,8 - 0,85;
548;;;;Сеточное производство;;;;;
549;;;;;;Плетельные станки;0,35 - 0,4;0,65 - 0,7;
550;;;;;;Сварочные автоматы;0,2 - 0,25;0,6 - 0,65;
551;;;;Гвоздильное производство;;;;;
552;;;;;;Автоматы;0,95 - 0,4;0,6 - 0,7;
553;;;;;;Насосы эмульсионного хозяйства;0,45;0,65;
554;;;;Производство покрытий;;;;;
555;;;;;;Агрегаты гальвонических покрытий;0,6;0,78;
556;;;;;;Горячее покрытие (агрегат с электрованной оцинкования или лужения);0,6;1;
557;;;;;;Воздуходувки для растворов;0,6;1;
558;;1.7.Горнодобывающая промышленность;;;;;Ки;cosfi;
559;;;;Рудники с подземным способом обработки;;;;;
560;;;;;;Компеноаторы станционные мощностью:;;;
561;;;;;;до 2000 кВт;0,75;0,75;
562;;;;;;от 200 до 400 кВт;0,8 - 0,85;0,8;
563;;;;;;свыше 400 кВт;0,9;0,8;
564;;;;;;Насосы мощностью:;;;
565;;;;;;до 50 кВт;0,7;0,75;
566;;;;;;от 50 до 200 кВт;0,75;0,8;
567;;;;;;от 200 до 400 кВт;0,8;0,8;
568;;;;;;свыше 400 кВт;0,9;0,85;
569;;;;;;Вентиляторы частичного проветривания;0,65;0,7 - 0,8;
570;;;;;Вентиляторы главного проветривания:;;;;
571;;;;;; до 200 кВт;0,7;0,8;
572;;;;;;от 200 до 800 кВт;0,75;0,8;
573;;;;;;свыше 4800 кВт;0,8;0,9;
574;;;;;;Вентиляторы сантехнические;0,65;0,7 - 0,8;
575;;;;;;Ртутные выпрямители металлические;0,9;0,9;
576;;;;;;Ртутные выпрямители стеклянные;0,75;0,75;
577;;;;;;Селеновые выпрямители;0,8;0,8;
578;;;;;;Толкатели, опрокидователи, качающиеся площадки;0,6;0,65;
579;;;;;;Шахтные двери, бункерные затворы;0,5;0,65;
580;;;;;;Дозаторы;0,5;0,65;
581;;;;;;Погрузочно-доставочные машины;0,65;0,65;
582;;;;;;Скребковые конвейеры;0,6;0,65;
583;;;;;;Скреперные лебедки мощностью до 15 кВт;0,5;0,65;
584;;;;;;свыше 15 кВт;0,65;0,65;
585;;;;;;Лебедки на материальных уклонах;0,6;0,65;
586;;;;;;Подъемники лифтовые;0,2;0,65;
587;;;;;;Клетевые подъемники;0,6;0,65;
588;;;;;;Скиповые подъемники;0,7;0,8;
589;;;;;;Электросверла ручные и колонковые;0,4;0,65 - 0,7;
590;;;;;;Станки вращательного бурения;0,4 - 0,5;0,65 - 0,7;
591;;;;;;Станки ударно-вращательного бурения;0,4 - 0,5;0,65 - 0,7;
592;;;;;;Станки холодной обработки металлов;0,2 - 0,4;0,5;
593;;;;;;Механизмы обработки земли в литейных цехах;0,6;0,65;
594;;;;;;Горны;0,5;0,75;
595;;;;;;Сварочные двигатель-генераторы;0,6;0,75;
596;;;;;;Сварочные агрегаты;0,5;0,75;
597;;;;;;Сварочные трансформаторы;0,2;0,4;
598;;;;;;Электровибрационные механизмы;0,6;0,65;
599;;;;;;Вагоноопракидователи;0,35 - 0,45;0,5 - 0,6;
600;;;;;;Вакуум-насосы;0,8;0,85;
601;;;;;Лабораторное оборудование:;;;;
602;;;;;;электродвигатели;0,5;0,65;
603;;;;;;нагревательные приборы;0,7;1;
604;;;;;;Краны мостовые, грейферные, кран-балки.тейферы, лифты;0,2;0,5;
605;;;;;;Печи сопротивления, нагревательные приборы, сушильные шкафы;0,8;1;
606;;;;;;Освещение стационнарных подземных выроботок;1;1;
607;;;;Рудники с открытым способом обработки;;;;;
608;;;;;;Эскаваторы одноковшовые с приводом на постоянном токе по системе ДГД на добыче при грунтах;0,65 - 1;0,55 - 0,75;
609;;;;;Скреперные лебедки мощностью:;;;;
610;;;;;;до 10 кВт;0,3;0,7;
611;;;;;;от 10 до 15 кВт;0,6;0,7;
612;;;;;;свыше 15 кВт;0,6;0,7;
613;;;;;;Лебедки маневровые и откаточные;0,55;0,75;
614;;;;;;Подъемы свыше 2000 кВт;0,15 - 0,35;0,2 - 0,5;
615;;;;;;Краны мостовые, грейферные, кран-балки.тейферы, лифты;0,15 - 0,35;0,2 - 0,5;
616;;;;;;Печи сопротивления, нагревательные приборы, сушильные шкафы;0,75 - 0,8;0,95 - 0,98;
617;;;;;;Выпрямители полупроводниковые;0,75;0,96;
618;;;;;;Выпрямители селеновые;0,8;0,8;
619;;;;;;Сварочные машины шовные;0,2 - 0,5;0,7;
620;;;;;;Сварочные машины стыковые и точечные;0,35;0,6;
621;;;;;;Сварочные двигатель-генераторы;0,3;0,6 - 0,65;
622;;;;;;для однопостовой сварки;0,3;0,6 - 0,65;
623;;;;;;для многопостовой сварки;0,5;0,7 - 0,75;
624;;;;;Сварочные трансформаторы:;;;;
625;;;;;;для однопостовой ручной сварки;0,2;0,3 - 0,4;
626;;;;;;для многопостовой ручной сварки;0,25;0,35 - 0,45;
627;;;;;;для автоматической сварки;0,3 - 0,4;0,4 - 0,5;
628;;;;;;Сварочные дуговые автоматы ;0,35;0,5;
629;;;;;;Станки холодной обработки металлов;0,35;0,65;
630;;;;;;Лабораторное оборудование:;;;
631;;;;;;электродвигатели;0,5;0,65;
632;;;;;;нагревательные приборы;0,7;1;
633;;;;;;Освещение зданий на прикарьерной площадки;0,85 - 0,95;1;
634;;;;;;Освещение в карьере;1;1;
635;;;;;;Освещение территорий прикарьерной площадки;1;1;
636;;;;;;на вскрише при грунтах;0,65 - 1;0,4 - 0,7;
637;;;;;;Эскаваторы одноковшовые с приводом на переменном токе при грунтах;0,65 - 1;0,42 - 0,88;
638;;;;;;Эскаваторы многоковшовые;0,75;0,6 - 0,8;
639;;;;;;Эскаваторы роторные;;0,7;
640;;;;;;Отвалообразователи ленточные;;0,65;
641;;;;;;Станки ударно-канатного бурения;0,4 - 0,6;0,65;
642;;;;;;Станки вращательного бурения;0,4 - 0,6;0,7;
643;;;;;;Компрессоры передвижные;0,7;0,8;
644;;;;;Компрессоры станционные мощностью, кВт:;;;;
645;;;;;;до 200;0,7;0,8;
646;;;;;;от 200 до 400;0,8;0,8;
647;;;;;;свыше 400;0,9;0,8;
648;;;;;Насосы мощностью, кВт:;;;;
649;;;;;;до 50;0,7;0,75;
650;;;;;;от 50 до 200;0,75;0,8;
651;;;;;;от 200 до 500;0,8;0,8;
652;;;;;;свыше 500;0,8 - 0,9;0,85;
653;;;;;Землесосы и песковые насосы мощностью, кВт:;;;;
654;;;;;;до 50;0,8;0,8;
655;;;;;;свыше 50;0,85;0,8;
656;;;;;;Электровибрационные механизмы;0,6 - 0,8;0,65;
657;;;;;;Вакуум насосы;0,8;0,75;
658;;;;;;Вентиляторы производственные;0,7;0,78;
659;;;;;Вентиляторы главного проветривания мощностью, кВт:;;;;
660;;;;;;от 200 до 800;0,75 - 0,8;0,8;
661;;;;;;свыше 800;0,85 - 0,9;0,85;
662;;;;;;Вентиляторы сантехнические;0,65;0,7 - 0,8;
663;;;;Обоготительные фабрики;;;;;
664;;;;;;Насосы производственного водоснабжения;0,8;0,85;
665;;;;;;Насосы песковые производственные;0,75;0,8;
666;;;;;;Насосы песковые дренажные;0,8;0,8;
667;;;;;;Насосы песковые для перекачки хвостов и оборотного водоснабжения;0,8;0,8;
668;;;;;;Вакуум-насосы;0,95;0,85;
669;;;;;;Насосы масленные;0,65;0,75;
670;;;;;;Аглоэксгаустеры для лент 75 кв.м;0,85;0,9(оп);
671;;;;;;Аглоэксгаустеры для лент 50 кв.м;0,75;0,9(оп);
672;;;;;;Вентиляторы производственные, воздуходувки, дымососы;0,75;0,8;
673;;;;;;Вентиляторы сантехнические;0,8;0,8;
674;;;;;;Вентиляторы к дробилкам;0,5;0,6 - 0,75;
675;;;;;Компрессоры станционные мощностью, кВт:;;;;
676;;;;;;до 200;0,75;0,75;
677;;;;;;от 200 до 400;0,9;0,8;
678;;;;Механизмы дробления и измельчения;;;;;
679;;;;;;Дробилки крупного дробления, шековые и конусные с двухдвигательным приводом;0,7;0,6;
680;;;;;;Дробилки крупного дробления, шековые и конусные с однодвигательным приводом, дробилки конусные среднего дробления;0,7;0,7 - 0,75;
681;;;;;;Дробилки короткоконусного дробления;0,7;0,75;
682;;;;;;Дробилки одновалковые и четырехвалковые мелкого дробления;0,7;0,75;
683;;;;;;Дробилки молотковые;0,78;0,85 - 0,9;
684;;;;;;Дробилки четырехвалковые;0,85;0,85;
685;;;;;;Мельницы шаровые;0,9;0,9 (оп);
686;;;;;;Мельницы шаровые и стержневые II и III стадии дробления ;0,8;0,9 (оп);
687;;;;;;Мельницы мощностью до 100 кВт;0,8;0,75;
688;;;;;;Мельницы самоизмельчения 7,5х2,5 м;0,75;0,9(оп);
689;;;;;;Грохоты разные;0,5;0,65;
690;;;;;;Грохоты барабанные;0,65;0,75;
691;;;;;;Механизмы вращающихся печей;0,6;0,7;
692;;;;;;Дымососы печей;0,7;0,8;
693;;;;;;Вспомогательные механизмы конвееров;0,15;0,5;
694;;;;;;Вагоноопракидователи;0,35 - 0,45;0,5 - 0,6;
695;;;;Механизмы непрерывного транспорта;;;;;
696;;;;;;Конвееры ленточные легкие мощностью кВт:;;;
697;;;;;;до 10 ;0,6;0,6 - 0,7;
698;;;;;;свыше 10;0,75;0,75;
699;;;;;;Питатели ленточные, улитковые, тарельчатые, лотковые с двигателями до 10 кВт, шаропитатели, электромагнитные и магнитные сепараторы;0,4;0,65;
700;;;;;;Питатели, конвееры электровибрационные, грохоты;0,6 - 0,98;0,6 - 0,65;
701;;;;;;Конвееры корпуса крупного дробления;0,5;0,7;
702;;;;;;Вспомогательные механизмы конвееров;0,15;0,5;
703;;;;;;Конвееры тяжелые с шириной ленты до 1400 мм;0,7;0,75;
704;;;;;;Конвееры сверхтяжелые с шириной ленты 1600 - 2000 мм;0,8;0,8 - 0,85;
705;;;;;;Питатели пластинчатые тарельчетые, лотковые мощностью свыше 10 кВт шнеки, элеваторы, механические топки;0,7;0,7 - 0,8;
706;;;;Механизмы фильтрации и обогощения;;;;;
707;;;;;;Сгустители;0,7;0,8;
708;;;;;;Барабаны смесительные;0,7;0,8;
709;;;;;;Чашечные охладители;0,7;0,85;
710;;;;;;Столы концентрационные, чаны контактные и реогенные;0,6;0,7;
711;;;;;;Сушильные барабаны и сепараторы;0,6;0,8;
712;;;;;;Классификаторы спиральные;0,7;0,8;
713;;;;;;Отсадочные машины, шлюзы;0,6;0,7;
714;;;;;;Классификаторы реечные;0,6;0,7;
715;;;;;;Мешкозашивочные машины, фильтры весовые озаторы, погрузчики концентрата;0,3;0,6;
716;;;;;;Флотационные машины механические и пневмомеханические;0,9;0,8;
717;;;;;;Вакуум фильтры;0,4;0,6;
718;;;;;;Электрофильтры;0,4;0,87;
719;;;;;;Сепараторы электромагнитные и магнитные барабанные (првод барабана);0,75;0,75;
720;;;;;;Магнитные сепараторы индивидуальные;0,4;;
721;;;;;;Сепараторы электромагнитные разные. Нагрузки на обработку возбуждения со стороны переменного тока по отношению к номенальной мощности электромагнитов сепаратора;1,1;0,875;
722;;;;;;Реагентные питатели;0,3;0,5;
723;;;;;;Печи сушильныебарабанные, смесители, промывочные барабаны, окомкователи, корытные мойки (логоушеры);0,75;0,8;
724;;;;;;Преоброзовательные агрегаты электрофильтров;0,6;0,85;
725;;;;;;Печи обжиговые для двигателей постоянного тока;0,8;1;
726;;;;;;Печи обжиговые для двигателей переменного тока;0,8;0,85;
727;;;;;;Тиристорные преоброзователи для возбудителей синхронных двигателей;0,8;0,5;
728;;;;;;Тиристорные преоброзователи частоты;0,7;0,7;
729;;;;;;Двигатель-генераторы ;0,7;0,8;
730;;;;;;Сварочные трансформаторы;0,2;0,4;
731;;;;;;Лебедки разные;0,3;0,5;
732;;;;;;Вулканизационные аппараты;0,8 - 0,97;0,5 - 1;
733;;;;;;Металлообрабатываюшие станки;0,2;0,5;
734;;;;;;Сушильные шкафы;0,75;1;
735;;;;;;Лабораторное оборудование;0,3 - 0,5;0,65 - 0,8;
736;;;;;;Печи сушильные (омические);1;1;
737;;;;;;Нагревательные приборы;0,7;1;
738;;;;;;Краны грейферные;0,2 - 0,3;0,5 - 0,6;
739;;;;;;Краны разные;0,2;0,5 - 0,6;
740;;;;;;Электроковши, грелки для масла;0,97;1;
741;;;;;;Насосы масляные;0,65;0,75;
742;;"1.8. Лесная и деревообрабатывающая промышленность
";;;;;Ки;cosfi;
743;;;;;;;Лесозаготовительные предприятия;;
744;;;;Крановые установки лесозаготовительных предприятий:;;;;;
745;;;;;;К-350Н;0,28;0,42;
746;;;;;;ККС-10;0,25;0,42;
747;;;;;;ККЦ-7,5;0,3;0,45;
748;;;;;;Козловые и консльно-козловые краны с грейфером (при непрерывной работе);0,4;0,6;
749;;;;;;БКСМ-14, ПМ-2;0,2;0,4;
750;;;;;;Башенный кран КБ-572;0,15;0,35;
751;;;;;;Мостовой кран;0,3;0,5;
752;;;;;;Кабель-кран КК-20;0,4;0,65;
753;;;;Участки и линии по раскряжевки и сортировки хлыстов;;;;;
754;;;;;;Участок ручной раскряжеровки в том числе:;;;
755;;;;;;разгрузочно-растаскивающее устройство;0,1;0,554;
756;;;;;;сортировочные транспортеры;0,33 - 0,5;0,7;
757;;;;;;раскряжевочно-сортировочные линии ПЛХ-2,ПЛХ-3 с неавтоматическим сортировочным транспортером;0,22;0,6;
758;;;;;;Поперечный растаскиватель хлыстов ПРХ-2С;0,1;0,554;
759;;;;;;Многожильный раскряжевательный агрегат с поперечной подачей хлыста (МР-8);0,3;0,8;
760;;;;;;Сучко-резная линия ПСЛ-1;0,2;0,645;
761;;;;;;Слешерная линия разделки долготья на коротье;0,22;0,554;
762;;;;;;Установка по производству технологической щепы УПЩ-3;0,3;0,554;
763;;;;;;Рубильная машина на балансах МРГ-35;0,43;0,57;
764;;;;;Трелевочные лебедки:;;;;
765;;;;;;с циклическим движением троса;0,2 - 0,25;0,5 - 0,6;
766;;;;;;с бесконечным движением троса;0,23 - 0,3;0,55 - 0,6;
767;;;;;;Лебедка на штабелевке и погрузке на складах;0,15 - 0.2;0,5 - 0,58;
768;;;;;;Бревнотаски на бирже;0,4 - 0.5;0,7;
769;;;;;;Бревнотаски амбарные, лебедки на складах;0,2 - 0,3;0,5;
770;;;;;Бревнотаски береговые и цепные транспортеры, шнеки и конвееры:;;;;
771;;;;;;сблокированные;0,4 - 0,55;0,75;
772;;;;;;несблокированные;0,3 - 0,4;0,75;
773;;;;;;Бревносвалы;0,1;0,5 - 0,55;
774;;;;;;Дровокольные станки;0,2;0,4;
775;;;;;;Электропилы (валка деревьев, раскряжевка);0,3 - 0,4;0,55 - 0,74;
776;;;;;Механизмы деревробрабатывающих цехов:;;;;
777;;;;;;Окорочные станки;0,3;0,554;
778;;;;;;Лесопильные рамы;0,6;0,75;
779;;;;;;Многопильный станок;0,43;0,75;
780;;;;;;Обрезные станки;0,2;0,554;
781;;;;;;Торцовычные станки;0,4;0,554;
782;;;;;;Торцовки;0,4;0,554;
783;;;;;;Рубильные машины;0,3;0,554;
784;;;;;;Шпалорезный станок;0,4;0,645;
785;;;;;;Универсальный станок;0,4;0,645;
786;;;;;;Ленточно-делительный станок;0,4;0,645;
787;;;;;;Рейсмусовые и фуговальные станки;0,45;0,55;
788;;;;;;Тарный станок;0,5;0,645;
789;;;;;;Тарно-делительный станок;0,5;0,645;
790;;;;;;Балансирная пила;0,2;0,6;
791;;;;;;Древесно-стружечный станок;0,4;0,6;
792;;;;;;Деревошерстный станок;0,4;0,6;
793;;;;;;Ребровый станок;0,3;0,554;
794;;;;;;Круглопильный станок для поперечного распиливания;0,25;0,55;
795;;;;;;Круглопильный станок для продольного распиливания;0,25;0,55;
796;;;;;;Концеравнильный двухпильный станок;0,2;0,645;
797;;;;;;Агрегатный станок;0,2;0,645;
798;;;;;;Строгальный станок;0,2;0,645;
799;;;;;;Сортировка щепы;0,5;0,69;
800;;;;;;Рольганги;0,3;0,554;
801;;;;;;Скребковые транспортеры;0,4;0,69;
802;;;;;;Ленточные транспортеры;0,2;0,554;
803;;;;;;Брусоперекладчики;0,3;0,554;
804;;;;;;Сбрасыватель;0,2;0,49;
805;;;;;;Дробилки;0,3 - 0,35;0,54 - 0,62;
806;;;;;;Грохоты;0,6;0,7;
807;;;;;;Продольно-торцовые станки и станки для изготовления дранки;0,11 - 0,14;0,5 - 0,54;
808;;;;;;Ленточные ребровые станки;0,45 - 0,5;0,65 - 0,7;
809;;;;;;Круглопильные станки с механической подачей (обрезные, ребровые, длинореечные, делительные);0,45 - 0,5;0,65 - 0,7;
810;;;;;;Круглопильные станки с ручной подачей (балансирные, торцовые, маятниковые);0,35;0,55;
811;;;;;;Фрезерные, шипорезные, сверлийные, долбежные, токарные по дереву;0,2;0,7;
812;;;;;;То же поточные линии;0,25;0,7;
813;;;;;;Шлифовальные станки;0,45;0,6;
814;;;;;;Автоматические линии деревообработки;0,5;0,65;
815;;;;;;Станки ремонтно-механических мастерских;0,15 - 0,2;0,55 - 0,7;
816;;;;;;Прессы;0,5 - 0,6;0,8;
817;;;;;;Транспортреры скребнековые и ленточные;0,5;0,7;
818;;;;;;Питатели пластинчетые, тарельчатые, барабанные;0,4;0,6;
819;;;;;;Рольганги, элеваторы;0,25 - 0,35;0,65 - 0,7;
820;;;;;;Краны, тельферы, тележки цеховые;0,1;0,5;
821;;;;;;Сепараторы;0,4;0,65;
822;;;;;;Сушильные барабаны;0,6;0,7;
823;;;;;;Электрические печи сопротивления;0,8;0,95;
824;;;;;;Переносной электроинструмент;0,06 - 0,1;0,5;
825;;;;;;Машины УПФМ;0,45;0,7;
826;;;;;;Насосы, компрессоры;0,7;0,85;
827;;;;;;Вентиляторы эксгаустеров и сушильных камер;0,7;0,8;
828;;;;;;Вентиляторы сантехнические;0,65;0,8;
829;;;;Производство столярных и строительных изделий;;;;;
830;;;;;;Четырехсторонние строительные станки;0,16;0,53;
831;;;;;;Двухсторонние шипорезы;0,12;0,36;
832;;;;;;Шлифовальные машины;0,22;0,37;
833;;;;;;Линии продольной и поперечной обработки створок;0,31;0,44;
834;;;;;;Станочное оборудования цеха погонажа;0,61;0,59;
835;;;;;;Сушильное отделение;0,37;0,7;
836;;;;;;Малярное отделение ;0,5;0,55;
837;;;;;;Лакокрасочное отделение цеха;0,73;0,8;
838;;;;;;Щитовых дверей;;;
839;;;;;;Технологическая вентиляция;0,52 - 0,57;0,71 - 0,76;
840;;;;;;Сантехническая вентиляция;0,75;0,8;
841;;;Производство ДВП;;;;;;
842;;;;Отделение приготовления щепы;;;;;
843;;;;;;Рубительная машина;0,17 - 0,32;0,47 - 0,6;
844;;;;;;Дезинтегратор;0,12;0,3;
845;;;;;;Транспортеры щепы;0,22 - 0.59;0,4  - 0,7;
846;;;;;;Пневмотранспорт щепы;0,84;0,85;
847;;;;;;Механизмы сортировки щепы;0,22 - 0,27;0,5;
848;;;;Размольное отделение;;;;;
849;;;;;;Рафинатор;0,44 - 0,85;0,87;
850;;;;;;Дефибратор со вспомогательным оборудованием;0,63;0,75;
851;;;;;;Мешелка бассейна и насос массы;0,43;0,78;
852;;;;Проклейное и от ливочное отделение;;;;;
853;;;;;;Механизмы проклейки;0,16 - 0,78;0,65;
854;;;;;;Отливочная машина;0,65 - 0,95;0,8 - 0,9;
855;;;;;;Насосы брака и обратной воды;0,36;0,82;
856;;;;;;Вспомогательные механизмы;0,38;0,65;
857;;;;;;Вентиляция;0,38;0,7;
858;;;;;;Форматные станки твердого потока;0,41;0,5;
859;;;;;;Отливочная машина пористого потока;0,22;0,48;
860;;;;;;Сушилка пористого потока;0,56;0,76;
861;;;;;;Вакуум насосы;0,77;0,85;
862;;;;Прессовое и моечное отделение;;;;;
863;;;;;;Насосы высокого и низкого давления ;0,17 - 0,29;0,67 - 0,85;
864;;;;;;Насосы теплового аккумулятора;0,89;0,86;
865;;;;;;Транспортеры;0,26;0,58;
866;;;;;;Вентиляция;0,14;0,58;
867;;;;;;Вспомогательное оборудование пресса;0,47;0,8;
868;;;;Отделение закалки;;;;;
869;;;;;;Вентиляторы закалочных камер;0,3;0,83;
870;;;;;;Транспортные механизмы (тележки, рольганги и др.);0,1;0,3;
871;;;;;;Вентиляция;0,5;0,5;
872;;;;Отделение раскроя и увлажения;;;;;
873;;;;;;Технологические механизмы;0,54;0,65;
874;;;;;;Вентиляция;0,36;0,6;
875;;;;Оборудование ремонтно-механических мастерских;;;;;
876;;;;;;Моечная установка;0,7;0,8;
877;;;;;;Установка заправки маслом;0,5;0,645;
878;;;;;;Аппарат промывочный;0,7;0,8;
879;;;;;;Гидроподъемник;0,7;0,8;
880;;;;;;Гайковерт;0,14;0,5;
881;;;;;;Шероховальный станок;0,14;0,5;
882;;;;;;Электровулканизаторы;0,4;0,6;
883;;;;;;Компрессор;0,7;0,8;
884;;;;;;Испытательный стенд;0,4;0,64;
885;;;;;;Токарный станок;0,14;0,5;
886;;;;;;Обрезной станок;0,14;0,5;
887;;;;;;Фрезерный станок;0,14;0,5;
888;;;;;;Строгальный станок;0,14;0,5;
889;;;;;;Расточной станок;0,14;0,5;
890;;;;;;Сверлийный станок;0,14;0,5;
891;;;;;;Заточной станок;0,14;0,5;
892;;;;;;Пилоножеточный станок;0,14;0,5;
893;;;;;;Шлифовальный станок;0,14;0,5;
894;;;;Прочее оборудование;;;;;
895;;;;;;Сварочные тарнсформаторы;0,2;0,399;
896;;;;;;Однопостовые сварочные двигатель-генераторы;0,2;0,399;
897;;;;;;Вентиляторы сантехнические;0,65;0,8;
898;;;;;;Вентиляторы технологические;0,5;0,69;
899;;;;;;Компрессоры;0,65;0,8;
900;;;;;;Дымососы;0,9;0,901;
901;;;;;;Насосы водяные;0,7;0,8;
902;;;;;;Механизмы на сплаве: оплоточные машины;0,6;0,69;
903;;;;;;Сортировочно машины;0,6;0,69;
904;;;;;;Сортировочно-формовочные машины;0,65;0,69;
905;;;;;;Гидроускорители;0,65;0,69;
906;;;;;;Потокообразователи;0,7;0,8;
907;;;;;;Барабанные ускорители;0,3;0,554;
908;;;;;;Троповые ускорители;0,5;0,6;
909;;1.9.Целлюлозно-Бумажная промышленность;;;;;Ки;cosfi;
910;;;;Размольное отделение;;;;;
911;;;;;;Мельница;0,97;0,88;
912;;;;;;Дробилка;0,33;0,77;
913;;;;;;Оборудование размольного отделения без мельниц;0,43;0,81;
914;;1.10.Гидролизное производство;;;;;Ки;cosfi;
915;;;;Гидролизно-спиртовое производство;;;;;
916;;;;;;Насосы непрерывного режима работы (перекачка воды, технологического полупродукта);0,7;;
917;;;;;;Насосы периодического режима работы (вывод шлама, перекачка химикатов);0,6 - 0,7;;
918;;;;;;Сцежи;0,65;;
919;;;;;;Мешалки;0,3 -0,35;;
920;;;;;;Сепараторы;0,6 - 0,65;;
921;;;;;;Компрессоры сжатого воздуха;0,6 - 0,65;;
922;;;;Дрожжевой цех;;;;;
923;;;;;;Насосы непрерывного режима работы;0,7;;
924;;;;;;Насосы периодического режима работы ;0,6 - 0,7;;
925;;;;;;Мешалки;0,3 - 0,35;;
926;;;;;;Сепараторы;0,6 - 0,65;;
927;;;;;;Турбовоздуходувки, нагнетатели воздуха;0,6 - 0,65;;
928;;;;;;Дымососы;0,6 - 0,65;;
929;;;;;;Вентиляторы производственные;0,6 - 0,65;;
930;;;;;;Пневнмотранспорт;0,8 - 0,84;;
931;;;;;;Транспортеры, конвееры, питатели;0,5 - 0,55;;
932;;;;;;Флотаторы;0,65;;
933;;;;;;ЦРМ;0,65;;
934;;;;;;Упаковочная установка;0,6;;
935;;;;Прочее оборудование;;;;;
936;;;;;;Насосы водоразборных и очистных сооружений;0,7;;
937;;;;;;Вентиляторы сантехнические;0,6 - 0,65;;
938;;;;;;Станочное оборудование ремонтных мастерских;0,12 - 0,15;;
939;;;;;;Электротали;0,05 - 0,1;;
940;;;;;;Электросварочные аппараты для ручной сварки;0,3 - 0,35;;
941;;;;;;Оборудование КИПиА;0,2 - 0,25;;
942;;;;;;Электропривод задвижек;0,65;;
943;;1.11.Промышленность строительных материалов и строительство;;;;;Ки;cosfi;
944;;;;Сырьевой цех;;;;;
945;;;;;;Сырьевая мельница (главный привод);0,72;0,85;
946;;;;;;Низковольтное оборудование сырьевого цеха;0,56;0,75;
947;;;;;;Шлам-насосы;0,56;0,75;
948;;;;;;Болтушка;0,62;0,8;
949;;;;;;Дробилки;0,54;0,8;
950;;;;;;Крановые мешалки шлама;0,38;0,5;
951;;;;;;Экскаваторы;0,4;0,7;
952;;;;;;Транспортеры сырья;0,5;0,75;
953;;;;;;Карьер в целом;0,65;0,75;
954;;;;Цех обжига;;;;;
955;;;;;;Вращающиеся печи без холодильников;0,7;0,8;
956;;;;;;То же с холодильниками;0,6;0,7;
957;;;;;;Главные приводы печей;0,7;0,8;
958;;;;;;Дымососы печей;0,7;0,8;
959;;;;;;Механизмы переуборки;0,46;0,65;
960;;;;;;Вентиляторы технологические;0,57;0,75;
961;;;;;;Транспортеры клинкера;0,45;0,7;
962;;;;;;Холодильники;0,6;0,85;
963;;;;;;Электрофильтры;0,8;0,85;
964;;;;Цех сухого помола;;;;;
965;;;;;;Цементные мельницы в целом;0,8;0,85;
966;;;;;;Главный привод цементных мельниц;0,85;0,85 - 0,9 (емкость);
967;;;;;;Низковольтное оборудование цементных мельниц;0,48;0,75;
968;;;;;;Упаковочная ;0,4;0,7;
969;;;;;;Грейферные краны;0,5;0,6;
970;;;;;;Пневмовинтовые насосы (фулер-насосы);0,48;0,75;
971;;;;;;Сушильное отделение;0,6;0,75;
972;;;;;;Питатели и дозаторы;0,6;0,78;
973;;;;;;Угольные мельницы;0,7;0,83;
974;;;;;;Электрокалориферы;0,6;0,88;
975;;;;Общезаводские нагрузки;;;;;
976;;;;;;Компрессоры;0,75;0,85;
977;;;;;;Водонасосы;0,8;0,8;
978;;;;;;Вентиляторы сантехнические;0,64;0,75;
979;;;;;;Бетоноуладчики;0,15;0,6;
980;;;;;;Автоматические станки для правки и резки проволоки;0,15;0,6;
981;;;;;;Формовочные машины;0,15;0,6;
982;;;;;;Конвееры;0,15;0,5;
983;;;;;;Рольганги;0,1;0,5;
984;;;;;;Земснаряды;0,25 - 0,93;0,69 - 0,78;
985;;;;;;Эскаваторы с электропривода;;0,5 - 0,6;
986;;;;;;Растворные узлы;;0,5 - 0,7;
987;;;;;;Краны башенные и портальные;;0,5;
988;;;;;Трансформаторный электроподогрев бетона, отогрев грунта и трубопроводов;;;0,75;
989;;;;;;Однопостовые двигатель-генераторы сварки;;0,6;
990;;;;;;Сварочные транформаторы;0,2;0,4;
991;;;;;;Переносные механизмы;;0,45;
992;;1.12.Химическая промышленность;;;;;Ки;cosfi;
993;;;Производство искусственного и синтатического волокна;;;;;;
994;;;;;;Прядильная машина штапеля;0,38;0,7;
995;;;;;;Прядильная машина капрона;0,65;0,7;
996;;;;;;Прядильная машина вискозного корда;0,5;0,7;
997;;;;;;Прядильная машина центрифугального шелка (главный привод);0,52;0,7;
998;;;;;;Прядильная машина центрифугального шелка (электроветерена);0,62;0,7;
999;;;;;;Прядильная машина ацетатного шелка;0,7;0,7;
1000;;;;;;Мешалки растворителей;0,55;0,8;
1001;;;;;;Фильтр-прессы;0,35;0,55;
1002;;;;;;Крутильные машины ацетатного шелка;0,6;0,7;
1003;;;;;;Перемоточные машины;0,78;0,7;
1004;;;;;;Тростильно-крутильные машины;0,89;0,8;
1005;;;;;;Крутильные машины;0,64;0,8;
1006;;;;;;Вытяжные машины;0,7;0,85;
1007;;;;;;Ткацкие станки;0,74;0,7;
1008;;;;;;Динильные котлы;0,58;1;
1009;;;;;;Периодопреобразователи;0,75;0,9 (оп);
1010;;;;;;Компрессоры;0,78;0,8;
1011;;;;;;Водонасосные;0,83;0,8;
1012;;;;;;Вентиляторы сантехнические;0,64;0,76;
1013;;;Производство полиэтилена низкого давления высокой плотности;;;;;;
1014;;;;;;Компрессоры этилена;0,85;0,9;
1015;;;;Цех полимеризации;;;;;
1016;;;;;;Технологические линии;0,6;0,75;
1017;;;;;;Эльма-насосы;0,5;0,8;
1018;;;;;;Центрифуги;0,4;0,6;
1019;;;;;;Сушилки;0,5;0,5;
1020;;;;Цех грануляции;;;;;
1021;;;;;;Грануляторы;0,8;0,8;
1022;;;;;;Газодувки;0,45;0,7;
1023;;;;;;Компрессоры цеха дистиляции и очистки азота;0,43;0,7;
1024;;;Производство амиака и метанола;;;;;;
1025;;;;;;Компрессоры воздушные;0,67;0,98;
1026;;;;;;Газодувка газагенераторного цеха;0,57;0,85;
1027;;;;;;Компрессоры газовые;0,85;0,99;
1028;;;;;;Триплекс-насосы;0,4;0,75;
1029;;;;;;Двигатель турбины (мототурбонасосы);0,81;0,85;
1030;;;;;;Экспансионные машины;0,8;0,85;
1031;;;;;;Циркуляционные компрессоры синтеза;0,74;0,78;
1032;;;;;;Нагнетатели кислородно-воздушные смеси (КВС);0,82;0,86;
1033;;;;;;Компрессоры амиачные;0,7;0,98;
1034;;;;;;Кислорододувки;0,6;0,78;
1035;;;Производство слабой азотной кислоты;;;;;;
1036;;;;;;Трубогазодувки;0,73;0,9;
1037;;;;;;Турбокомпрессоры газовые;0,8;0,95;
1038;;;;;;Насосы грунтового водоснабжения;;0,7;
1039;;;;;;Компрессоры, насосы, вентиляторы, мешалки центрафуги (приводы с непрерывным технологическим процессом);0,5;0,86;
1040;;;Шинные заводы. Производство шин;;;;;;
1041;;;;;;Резиносмесители, работающие на приготовление резиновой смеси;0,5;0,85 - 0,9;
1042;;;;;;Резиносмесители, работающие на вулканизацию каучука;0,54;0,85 - 0,9;
1043;;;;;;Вальцы под резиносмесители;0,65;0,85 - 0,9;
1044;;;;;;Подогреватели на вальцы;0,56;0,85 - 0,9;
1045;;;;;;Пелетайзеры;0,36;0,85-0,9 (оп);
1046;;;;;;Шприц-машины пректных агрегатов;0,7;0,8;
1047;;;;;;Шприц-машины автокамерных агрегатов;0,53;0,7;
1048;;;;;;Каландры обкладочные (обрезирование корда);0,68;0,8;
1049;;;;;;Сборочные станки;0,44;0,6;
1050;;;;;;Вулканизаторы шин;0,05;0,4;
1051;;;;;;Вулканизаторы автокамер и ободных лент;0,16;0,5;
1052;;;;;;Компрессоры (синхронные двигатели);0,93;0,85 - 0,9 (оп);
1053;;;;;;Водонасосные (водоснабжение);0,89;0,8;
1054;;;;;;Насосы циркуляционной и перегретой воды ;0,43;0,7;
1055;;;;;;Насосы воды низкого давления;0,87;0,8;
1056;;;;;;Насосы воды высокого давления;0,55;0,8;
1057;;;;;;Вентиляторы сантехнические;0,69;0,75;
1058;;;;;;Транспортные системы;0,25;0,45;
1059;;;Производство резинотехнических изделий;;;;;;
1060;;;;;;Агрегаты для изготовления особо прочных транспортных лент;0,11;;
1061;;;;;;Каландры для изготовления сердечников транспортных лент;0,48;0,69;
1062;;;;;;Каландры для обкладки транспортных лент;0,28;0,51;
1063;;;;;;Подогревательные вальцы производства транспортных лент;0,47;0,8;
1064;;;;;;Шприц-машины производства формовой техники;0,37;0,47;
1065;;;;;;Прессы с электрообогревом производства формовой технике при работе;0,78;;
1066;;;;;;То же при разогреве;;1;
1067;;;;;;Подогревательные вальцы производства формовой техники;0,43;0,58;
1068;;;;;;Резиносмесители подготовительного цеха;0,5;0,8;
1069;;;;;;"Смесительные вальцы ""84"" подготовительного цеха";0,54;0,8;
1070;;;;;;Шприц-машины камер 12-38 мм;0,4;0,67;
1071;;;;;;Агрегаты для наложения наружного слоя на рукова диаметром 19-38 мм;0,28;0,74;
1072;;;;;;Каландры подготовительного цеха обкладки;0,54;0,69;
1073;;;;;;Каландры подготовительного цеха листования;0,36;0,52;
1074;;1.13.Легкая промышленность;;;;;Ки;cosfi;
1075;;;1.13.1.Предприятия первичной обработки хлопка;;;;;;
1076;;;;;;Джины с питателем, волоконоочистители;0,8;0,82;
1077;;;;;;Линтера, семеоголители;0,7;0,8;
1078;;;;;;Очитсители хлопка-серца, семеочестители;0,5;0,7;
1079;;;;;;Шнеки хлопка-серца, отходов, сеператоры, конденсаторы, приемо-подающие устройства хлопка-серца;0,4;0,65;
1080;;;;;;Шнеки семян, элеваторы, транспортеры хлопка;0,3;0,6;
1081;;;;;;Вентиляторы цехового транспорта хлопка-серца, отсоса от кондесаторов волокна и линта, объема волокна и линта, обеспаливания технологических машин;0,7;0,7;
1082;;;;;;Вентиляторы дворового пневмотранспорта;0,5;0,7;
1083;;;;;;Вентиляторы отсоса влаги от бунтов;0,6;0,7;
1084;;;;;;Гидронасос (с электродвигателем на каждой ступени) и остальные электодвигатели гидропрессовой установки;0,4;0,7;
1085;;;;;;Гидронасос с одним двигателем на всех ступенях;0,8;0,75;
1086;;;1.13.2.Предприятия первичной обработки джута;;;;;;
1087;;;;;;Основные технологические машины (линии по выработки длинного и короткого волокна);0,7;0,8;
1088;;;;;;Транспортные устройства (шнеки, транспортеры, элеваторы);0,4;0,65;
1089;;;;;;Вентиляторы и насосы технологического оборудования;0,7;0,7;
1090;;;1.13.3.Предприятия первичной обработки льна, и других дубяных культур;;;;;;
1091;;;;;;Механизмы погрузочно-разгрузочныхьработ в сырьевой зоне;0,2;0,7;
1092;;;;;;Прессы-группировки в зоне сортировки сырья;0,6;0,75;
1093;;;;;;Линия выроботки длинного волокна и луба;0,55;0,78;
1094;;;;;;Линия выроботки короткого волокна и луба;0,5;0,78;
1095;;;;;;Подъемно-транспортное оборудование производственного корпуса;0,2;0,7;
1096;;;;;;Наружный и внутренний пневмотранспортер и вакуум-насосы пылеуборки;0,6;0,85;
1097;;;;;;Волоконоотделительные машины;0,84;0,85;
1098;;;;;;Обеспылевающая вентиляция;0,84;0,85;
1099;;;;;;Насосы технологической насосной станции;0,7;0,8;
1100;;;;;;Прессовое оборудование участков брикотирования;0,6;0,78;
1101;;1.14.Хлопчатобумажная промышленность;;;;;Ки;cosfi;
1102;;;Прядильное производство;;;;;;
1103;;;;;;Разрыхлительно-очистительное оборудование;0,65;0,78;
1104;;;;;;Трепальное оборудование;0,68;0,8;
1105;;;;;;Шабазы;0,3;0,8;
1106;;;;;;Оборудование по переработке отходов производства;0,65;0,78;
1107;;;;;;Чесальные машины;0,88;0,8;
1108;;;;;;Ленточные, розничные и гребнечесальные машины;0,68;0,8;
1109;;;;;;Мотально-тростильные машины;0,82;0,8;
1110;;;;;;Крутильные машины кольцевого кручения;0,88;0,85;
1111;;;;;;Крутильные машины двухстадийного кручения;0,82;0,75;
1112;;;;;;Прядильно-крутильные машины;0,88;0,85;
1113;;;;;;Кольцепрядильные машины;0,88;0,85;
1114;;;;;;Прядильные машины пневмомеханического прядения без сороудаления;0,69;0,8;
1115;;;;;;Прядильные машины пневмомеханического прядения с сороудалением;0,72;0,8;
1116;;;;;;Прядильные машины роторного прядения;0,74;0,8;
1117;;;Ткацкое производство;;;;;;
1118;;;;;;Мотальные и уточно-перемоточные машины;0,82;0,8;
1119;;;;;;Сновальные машины;0,67;0,8;
1120;;;;;;Шлихтовальные машины;0,73;0,82;
1121;;;;;;Ткацкие станки;0,82;0,75;
1122;;;;;;Браковочные, приемо-контрольные бердоремезные, узловязательные машины;0,69;0,75;
1123;;;Прядильное ниточное производство;;;;;;
1124;;;;;;Оборудование отдела перемотки;0,66;0,8;
1125;;;;;;Оборудование опально-мероеризационного отдела;0,68;0,75;
1126;;;;;;Оборудование намоточного отдела;0,7;0,75;
1127;;;Производство гигроскопической ваты;;;;;;
1128;;;;;;Оборудование отдела выроботки фильтров;0,75;0,75;
1129;;;;;;Машины для упаковки ваты;0,77;0,7;
1130;;;;;;Ватоформовочная машина;0,77;0,7;
1131;;;;;;Оборудование отдела стерилизации и упаковки;0,79;0,85;
1132;;1.15.Текстильно-галантерейная и трикотажная промышленость;;;;;Ки;cosfi;
1133;;;;;;Лентоткацкие станки;0,64;0,7;
1134;;;;;;Сновальные машины;0,4;0,7;
1135;;;;;;Уточно-мотальные автоматы;0,63;0,7;
1136;;;;;;Шнуроплетельные машины;0,65;0,7;
1137;;;;;;Лентоплетельные машины и уточно-перемоточные автоматы;0,7;0,72;
1138;;;;;;Гардирные челночные машины уточно-вязальные основовязательные машины;0,7;0,7;
1139;;;;;;Гардирные машины;0,72;0,7;
1140;;;;;;Сновальные машины;0,3;0,7;
1141;;;;;;Круглотрикотажные и кругловязательные жакардовые машины, однофонтурные машин;0,63;0,7;
1142;;;;;;Автомат плосковязательный контурный круглоластичная машина;0,55;0,7;
1143;;;;;;Бобинажно-перемоточная машина;0,72;0,7;
1144;;;;;;Рисунчатая многосистемная однофонтурная машина и автомат чулочно насосный;0,65;0,7;
1145;;;;;;Решель-машина для изготовления гардинного полотна и кругловязальная иакотонная однофонтурная машина, двухгребенчатая основовязательная машина;0,65;0,8;
1146;;;;;;Плосковязательная машина;0,72;0,7;
1147;;;;;;Выпускной конвеер;0,8;0,8;
1148;;1.16.Льняная промышленность;;;;;Ки;cosfi;
1149;;;Льночесальное производство;;;;0,8;0,8;
1150;;;Прядильное производство;;;;;;
1151;;;;;;Поточные линии;0,65;0,8;
1152;;;;;;Чесальные машины;0,85;0,8;
1153;;;;;;Гребенечесальные, ленточные и ровничные машины;0,7;0,8;
1154;;;;;;Прядильные машины сухого прядения;0,82;0,82;
1155;;;;;;Прядильные машины мокрого прядения;0,8;0,8;
1156;;;;;;Сушильные машины;0,79;0,85;
1157;;;;;;Ткацкое производство;0,73;0,84;
1158;;;;;;Мотальные машины;0,73;0,84;
1159;;;;;;Крутильные машины;0,82;0,81;
1160;;;;;;Сновальные машины;0,67;0,8;
1161;;;;;;Шлихтовальные машины;0,75;0,82;
1162;;;;;;Ткацкие станки;0,82;0,75;
1163;;;;;;Браковочно-мерильные машины;0,69;0,75;
1164;;;;;;Картоносекальная мастерская;0,6;0,7;
1165;;;;;;Цеха химической обработки ровницы и крашения пряжи;0,8;0,85;
1166;;1.17.Пенько-джутовая промышленность;;;;;Ки;cosfi;
1167;;;Прядильное производство;;;;;;
1168;;;;;;Поточные линии подготовки волокна;0,65;0,75;
1169;;;;;;Чесальные машины;0,81;0,79;
1170;;;;;;Прядильные машины;0,81;0,8;
1171;;;;;;Крутильные машины;0,77;0,8;
1172;;;;;;Веревочные прядевьющие и овивальные машины;0,6;0,7;
1173;;;;;;Канатные прядивьющие и овивальные машины;0,76;0,75;
1174;;;;;;Канатоплетенные машины;0,64;0,72;
1175;;;Ткацкое производство;;;;;;
1176;;;;;;Мотальные машины;0,71;0,8;
1177;;;;;;Сновальные машины;0,6;0,7;
1178;;;;;;Шлихтовальные машины;0,72;0,8;
1179;;;;;;Ткацкие станки;0,75;0,72;
1180;;;;;;Браковочно-учетные машины;0,66;0,7;
1181;;1.18.Шерстяная промышленность и производство ковров;;;;;Ки;cosfi;
1182;;;Фабрика первичной обработки шерсти;;;;;;
1183;;;;;;Оборудование цеха переработки кизячей шерсти;0,7;0,7;
1184;;;;;;Оборудование сортировочного цеха;0,77;0,8;
1185;;;;;;Оборудование моечно-сушильного цеха;0,73;0,7;
1186;;;;;;Лабазы;0,3;0,74;
1187;;;;;;Оборудование помешения рыхления свалков;0,7;0,75;
1188;;;;;;Оборудование цеха постоянной классировки;0,44;0,85;
1189;;;;;;Оборудование сырьевой лаборатории;0,7;0,6;
1190;;;;;;Оборудование дезкамеры;0,7;0,7;
1191;;;;Аппаратная прядения;;;;;
1192;;;;;;Карбонизационно-красильные линии непрерывного действия для обработкт волокна;0,79;0,8;
1193;;;;;;Трепальные машины;0,79;0,8;
1194;;;;;;Оборудование для обработки отходов и угарно-ватирное оборудование;0,67;0,8;
1195;;;;;;Смесовые машины;0,59;0,8;
1196;;;;;;Кольцопрядильные суконные машины;0,8;0,83;
1197;;;;;;Чесальные машины;0,61;0,82;
1198;;;;;;Пневмомеханические прядильные машины;0,74;0,83;
1199;;;Камвольное прядение;;;;;;
1200;;;;;;Оборудование для обработки угаров;0,59;0,8;
1201;;;;;;Смесовые машины;0,54;0,82;
1202;;;;;;Чесальные машины;0,72;0,8;
1203;;;;;;Ленточные машины;0,74;0,8;
1204;;;;;;Гребнечесальные машины;0,86;0,77;
1205;;;;;;Штапельные машины;0,65;0,8;
1206;;;;;;Красильно-гладильное оборудование;0,57;0,8;
1207;;;;;;Розничные машины;0,74;0,8;
1208;;;;;;Кольцепрядильные машины;0,82;0,83;
1209;;;;;;Тростильнокрутильное оборудование;0,82;0,83;
1210;;;Ткацкое производство;;;;;;
1211;;;;;;Мотально-сновальные машины;0,67;0,8;
1212;;;;;;Шлихтовальные машины;0,67;0,8;
1213;;;;;;Ткацкие станки (без двигателей подъема навоев);0,8;0,75;
1214;;;;;;Контрольно-чистельное, приборное оборудование;0,6;0,8;
1215;;;;;;Ковровые ткацкие машины двухполотенные;0,6;0,8;
1216;;;;;;Однополотенные ковровые ткацкие станки;0,7;0,8;
1217;;;Производство тафтинговых ковров;;;;;;
1218;;;;;;Ткацко-приготовительный отдел;0,75;0,7;
1219;;;;;;Термофиксация;0,88;0,75;
1220;;;;;;Тафтинг-машины;0,7;0,77;
1221;;;;;;Латекс-машины;0,85;0,75;
1222;;;;;;Оборудование сухой отделки;0,75;0,8;
1223;;;;;;Печатный агрегат;0,78;0,8;
1224;;;;;;Краскосварочное отделение;0,78;0,8;
1225;;;;;;Установка конвекции, резки, упаковки, перемотки;0,85;0,8;
1226;;1.19.Шелковая промышленность;;;;;Ки;cosfi;
1227;;;;;;Основное технологическое оборудование шелкомотального производства;0,7;0,8;
1228;;;;;;Оборудование цеха переработки отходов коконометания;0,4;0,65;
1229;;;Крутильное производство;;;;;;
1230;;;;;;Крутильное оборудование;0,79;0,8;
1231;;;;;;Запарное оборудование;0,65;0,8;
1232;;;Ткацкое производство;;;;;;
1233;;;;;;Уточно-перемоточное оборудование;0,7;0,8;
1234;;;;;;Сновальные машины;0,59;0,78;
1235;;;;;;Шлихтовальные машины;0,65;0,75;
1236;;;;;;Ткацкие станки;0,84;0,75;
1237;;;;;;Товарно-чистильное и браковочное оборудование;0,69;0,8;
1238;;;;;Отделочное оборудование всех подотрослей текстильной и трикотажной промышленности;;;;
1239;;;;;;Оборудование участков сухой отделки (каландры, отригальные машины. Ворсовальные, опальные);0,75;0,82;
1240;;;;;;Термические токоприемнки;0,75;1;
1241;;;;;;Инфакрасные нагреватели;1;1;
1242;;;;;;Прочие электроприемники, в том числе:;;;
1243;;;;;;отделочных линий;0,62;0,8;
1244;;;;;;Складальное, мерильное и браковочное оборудование;0,55;0,7;
1245;;;;;;Оборудование крашения волокна и пряжи;;;
1246;;;;;;Оборудование крашения волокна периодического действия;0,56;0,82;
1247;;;;;;Оборудование крашения пряжи периодического действия;0,56;0,84;
1248;;;Производство нетканных материалов. Фабрики иглопробивных материалов;;;;;;
1249;;;;;;Оборудование подготовки волокна;0,65;0,75;
1250;;;;;;Участки лабазов;0,3;0,74;
1251;;;;;;Иглопробивные цеха, угарные участки (переработка отходов) и браковочные участки;0,7;0,75;
1252;;;Фабрики вязально-прошивных материалов;;;;;;
1253;;;;;;Участки лабазов;0,3;0,74;
1254;;;;;;Сновательно-мотальное оборудование;0,5;0,7;
1255;;;;;;Оборудование переработки отходов;0,7;0,75;
1256;;;;;;Оборудование обработки отходов;0,7;0,75;
1257;;1.20.Швейная промышленность;;;;;Ки;cosfi;
1258;;;;;;Швейные машины;0,6;0,62;
1259;;;;;;Транспортеры швейных конвееров;0,68;0,8;
1260;;;;;;Браковочно-мерильные машины;0,4;0,62;
1261;;;;;;Раскройное оборудование;0,4;0,65;
1262;;;;;;Утюги, прессы;0,75;0,98;
1263;;;;;;Машины герметезации швов;0,8;0,7;
1264;;;;;;Смесители;0,5;0,8;
1265;;1.21.Кожгалантерейная промышленность;;;;;Ки;cosfi;
1266;;;;;;Дисторезальная ротационная машина и карторезальная машина;0,35;0,76;
1267;;;;;;Электрогидравлический пресс для вырубки деталей;0,303;0,8;
1268;;;;;;Универсальный просекальный станок, пресс гидравлический для выработки деталей и пресс карусельный механический;0,303;0,73;
1269;;;;;;Машина для спускания краев деталей низа, браковочно-мерильная машина и полуавтомат для постановки хольнитенов;0,4;0,59;
1270;;;;;;Машина проходная для перетяжки перчаточных кож;0,36;0,76;
1271;;;;;;Машина раскройная четырехшкивная ленточная;0,26;0,76;
1272;;;;;;Машина для спускания краев деталей верха;0,35;0,59;
1273;;;;;;Машина для креймения деталий;0,28;0,58;
1274;;;;;;Пресс для тюковки отходов;0,23;0,76;
1275;;;;;;Высокочастотная установка;0,73;0,86;
1276;;;;;;Пресс ддля установки мелкой фурнитуры и обжига рамочных замков;0,37;0,58;
1277;;;;;;Машина для багировки и нарезки клинчиков портфелей, сумок;0,27;0,59;
1278;;;;;;Машина для гибки и формирования ботанов чемоданов и машина раскройно-ленточная;0,37;0,73;
1279;;;;;;Машина для выворотки суиок хозяйственных и дорожных;0,27;0,73;
1280;;;;;;Машина для окраски в пачках краев деталей кожгалантерейных изделий;0,265;0,58;
1281;;;;;;Машина швейная;0,35;0.58;
1282;;1.22.Кожевенная промышленность;;;;;Ки;cosfi;
1283;;;Производство хромовых и юфтевых кож;;;;;;
1284;;;;;;Барабан подвесной для отмоточно-зольных процессов, красильно-жировальных процессов и преддубильно-дубильных процессов;0,23;0,7;
1285;;;;;;Машина мездрильная;0,19;0,8;
1286;;;;;;Машина двоильно-ленточная и машина валичная отжимная;0,23;0,8;
1287;;;;;;Машина волосоогонно-чистильная;0,27;0,88;
1288;;;;;;Пресс для тюковки хромовой стружки;0,23;0,78;
1289;;;;;;Шерстомойная машина;0,54;0,76;
1290;;;;;;Агрегат для обезволошивание шкур;0,63;0,79;
1291;;;;;;Машина строгальная;0,19;0,81;
1292;;;;;;Машина разводная гидравлическая;0,27;0,83;
1293;;;;;;Машина проходная шетино-дергательная;0,27;0,79;
1294;;;;;;Сушилка внаклейку на стекло 200-рамная, прохдная сушилка и вакуумная сушилка;0,45;0,87;
1295;;;;;;Сушилка рамная подвесная и машина намазная;0,45;0,78;
1296;;;;;;Машина обрезная;0,23;0,59;
1297;;;;;;Вибрационно-мягчильная машина, проходной шлифовально-обеспыливающий агрегат и машина шлифовальная;0,27;0,85;
1298;;;;;;Машина для очистки от пыли с 2-х сторон шлифовальных кож;0,27;0,76;
1299;;;;;;Машина поливочная, агрегат покрывного крашения щетками, а также агрегат покрывного крашения двухкратный;0,45;0,76;
1300;;;;;;"Аппретурная машина ""Ретона""";0,45;0,79;
1301;;;;;;Гидравлический пресс;0,3;0,87;
1302;;;;;;"Машина проходная гладильная ""Ретона""";0,36;0,83;
1303;;;;;;Машина тянульно-мягчильная;0,27;0,79;
1304;;;;;;Машина для покрывного крашения и сушки кож;0,45;0,87;
1305;;;;;;Измерительная машина и машина для клеймения кож;0,3;0,58;
1306;;;;;;Автоматическая распылительное устройство во взрывоопасном исполнении, распылительная машина;0,54;0,79;
1307;;;;;;Машина проходная отжимная;0,29;0,81;
1308;;;;;;Выносной транспортер для стружки;0,25;0,54;
1309;;;;;;Машина для обрубки краев кож;0,23;0,7;
1310;;;;;;Непрерывная увлажнительная машина;0,36;0,76;
1311;;;;;;Пылеотстойник;0,54;0,8;
1312;;;;;;Проходная обеспыливающая машина с нагнетателем;0,36;0,87;
1313;;;;;;Сушилка с агрегатами крашения щетками;0,45;0,88;
1314;;;;;;Машина для отжига  и разварки кож;0.27;0,85;
1315;;;Производство кож для низа обуви;;;;;;
1316;;;;;;Двоильно-ленточная машина волососгонная-чистильная машина и машина валичная отжимная;0,27;0,81;
1317;;;;;;Мездрильная машина и машина строгальная;0,19;0,82;
1318;;;;;;Сушильно-увлажительный агрегат;0,45;0,79;
1319;;;;;;Пресс;0,23;0,77;
1320;;;;;;Машина для подвилки кож низа обуви, машина намазная и валичная щеточная машина для жирования кож;0,27;0,73;
1321;;;;;;Сушильно-увлажительный агрегат для сушки и увлажения юфтевых кож внаклейку на дюральалюминевых листах;0,45;0,87;
1322;;;;;;Барабанная разводная машина;0,36;0,8;
1323;;;;;;Каток проходной подошвенный;0,54;0,8;
1324;;;;;;Машина для измерения площади жестких кож;0,36;0,73;
1325;;;;;;Барабан подвесной преддубильно-дубильных процессов;0,23;0,7;
1326;;1.23.Обувная промышленность;;;;;Ки;cosfi;
1327;;;;;;Разруб и обработка низа;;;
1328;;;;;;Пресс для разруба материалов низа;0,33;0,65;
1329;;;;;;Машина для выравнивания низа обуви;0,36;0,7;
1330;;;;;;Машина для тиснения и перфорации обуви;0,38;0,8;
1331;;;;;;Машина для шкуренияи шлифовки деталей низа обуви;9,43;0,78;
1332;;;;;;Машина для фрезирования площадки на ход по верху;0,43;0,78;
1333;;;;;;Машина для взъерошивания (фрезерования) подошв по периметру;0,37;0,75;
1334;;;;;;Машина для фрезерования подошв в печках;0,24;0,85;
1335;;;;;;Машина для холодной полировки;0,42;0,7;
1336;;;;;;Машина для обеспыливания контура подошв;0,44;0,7;
1337;;;;;;Машина для опускания краев деталий низа;0,47;0,6;
1338;;;;;;Машина для профилирования подошв площади;0,36;0,68;
1339;;;;;;Машина для клеймения размеров;0,31;0,95;
1340;;;;;;Машина для вырезания желоба в полустельках;0,39;0,72;
1341;;;;;;Машина для приклеевания ступенаторов;0,59;0,51;
1342;;;;;;Машина для намазки клеем пяточной части;0,5;0,68;
1343;;;;;;Машина для склеевания деталей;0,39;0,52;
1344;;;;;;Машина для активизации клеевых пленок на подошвах;0,6;0,95;
1345;;;;;;Машина для склеевания подошв с каблуками;0,34;0,71;
1346;;;;;;Машина для вырезания подошв по контору;0,43;0,6;
1347;;;;;;Машина для снятия фаски с пяточной части стелек;0,5;0,8;
1348;;;;;;Машина для формирования подошв стелек;0,34;0,68;
1349;;;;;;Сушилка для клеевой пленки на стельках;0,44;0,46;
1350;;;;;;Конвеер вырубной ленточной;0,55;0,65;
1351;;;;;;Конвеер для обработки деталей низа;0,51;0,52;
1352;;;;Закройный цех;;;;;
1353;;;;;;Пресс для верхнего края;0,35;0,65;
1354;;;;;;Пресс для раскроя текстильных материалов;0,31;0,77;
1355;;;;;;Машина для выравнивания края;0,46;0,75;
1356;;;;;;Конвеер закройный ленточный для текстиля;0,4;0,55;
1357;;;;;;Машина для клеймения деталей верха обуви;0,77;0,95;
1358;;;;;;Конвеер заготовочный ленточный;0,54;0,81;
1359;;;;;;Конвеер закройный ленточный для верхних кож;0,45;0,53;
1360;;;;Цех сборки заготовок (швейный);;;;;
1361;;;;;;Машина для опускания краев деталей верха заготовок;0,44;0,7;
1362;;;;;;Швейная машина для сострачивания деталей верха и машина для разглаживания швов задников;0,47;0,7;
1363;;;;;;Машина для загибки краев деталей верха, машина для всавки блочек и швейная машина;0,44;0,54;
1364;;;;;;Горячее формирование деталей верха;0,61;0,75;
1365;;;;;;Пресс для тиснения и перфорации;0,38;0,8;
1366;;;;;;Пресс для дублирования (вклеивания деталей верха обуви);0,68;0,95;
1367;;;;Цех сборки обуви;;;;;
1368;;;;;;Увлажительная камера заготовок;0,54;0,93;
1369;;;;;;Машина для чистки колодок, полировка подошв;0,3;0,72;
1370;;;;;;Пресс для прикрепления подошв;0,36;0,54;
1371;;;;;;Машина для вытяжки и формирования задников;0,69;0,95;
1372;;;;;;Машина для крепления гвоздями деталий низа;0,54;0,54;
1373;;;;;;Машина для термоувлажнения;0,73;0,95;
1374;;;;;;Машина для обтяжки и клеевой затяжки насосной пусковой части заготовок;0,47;0,82;
1375;;;;;;Машина для затяжки генечной части заготовок;0,43;0,95;
1376;;;;;;Машина для затяжки насосной пучкавой части обуви;0,5;0,82;
1377;;;;;;Машина для затяжки пяточной части заготовок;0,3;0,65;
1378;;;;;;Машина для клеевой затяжки пяточной части заготовок;0,52;0,82;
1379;;;;;;Машина для затяжки пяточной части заготовок;0,46;0,81;
1380;;;;;;Машина для затяжки бочков и пяточной части гвоздями;0,55;0,59;
1381;;;;;;Машина  для формирования следа обуви;0,49;0,81;
1382;;;;;;Сушилка для обуви;0,45;0,65;
1383;;;;;;Элеватор (хранение обуви);0,1;0,46;
1384;;;;;;Машина для прикрепления каблуков, камера дя аппаратирования верха обуви и машина для шкурения плассмасовых каблуков;0,32;0,68;
1385;;;;;;Машина для обрезки излишней кромкм;0,5;0,6;
1386;;;;;;Сушилка, первоя и вторая намазка клеем;0,44;0,68;
1387;;;;;;Термоактиватор (активизация клеевых пленок);0,6;0,95;
1388;;;;;;Пресс для склеивания подошв с каблуками;0,34;0,71;
1389;;;;;;Машина для фрезерования подошв ;0,37;0,75;
1390;;;;;;Машина для шлифования каблуков;0,53;0,82;
1391;;;;;;Машина для снятия обуви с колодок;0,5;0,73;
1392;;;;;;Машина для утюжевания верха обуви;0,31;1;
1393;;;;;;Машина для разглаживания верха;0,4;1;
1394;;;;;;Машина для разглаживания голени;0,5;1;
1395;;1.24.Меховая промышленность;;;;;Ки;cosfi;
1396;;;Серийно-красильное производство;;;;;;
1397;;;;;;Баркас с подогревателем и мешалка переносная Н/О;0,21;0,76;
1398;;;;;;Раводная валичная машина;0,39;0,79;
1399;;;;;;Рубильная машина;0,39;0,79;
1400;;;;;;Проходная шерстерезная машина;0,15;0,79;
1401;;;;;;Центрифуга;0,39;0,87;
1402;;;;;;Линия непрерывной обработки;0,445;0,8;
1403;;;;;;Загрузочный транспортер;0,45;0,58;
1404;;;;;;Машина для мойки и обезвреживания;0,23;0,88;
1405;;;;;;Мездрильная машина;0,27;0,8;
1406;;;;;;Машина для уменьшения толщины кожевой ткани;0,39;0,76;
1407;;;;;;Машина отжимная;0,45;0,83;
1408;;;;;;Отжимной пресс;0,2;0,83;
1409;;;;;;Жировальная машина;0,2;0,76;
1410;;;;;;Мялка молотковая;0,45;0,79;
1411;;;;;;Агрегат анилинового крашения;0,5;0,86;
1412;;;;;;Сушилка концевая ремная;0,59;0,76;
1413;;;;;;Проходная разбивочная машина;0,45;0,77;
1414;;;;;;Стригальная машина;0,3;0,8;
1415;;;;;;Барабан комбинированный для откатки;0,28;0,8;
1416;;;;;;Сетчаты барабан;0,28;0,77;
1417;;;;;;Чесальные машины;0,54;0,77;
1418;;;;;;Намазная машина;0,28;0,76;
1419;;;;;;Машина гладильная;0,38;0,8;
1420;;;;;;Машина для тяжки, разбивки шкурок норки;0,37;0,64;
1421;;;;;;Подвесная петельная машина;0,45;0,82;
1422;;;;;;Машина проходная для склеивания на тканевой основе;0,27;0,59;
1423;;;;;;Станок для заточки дисковых ножей;0,2;0,76;
1424;;;;;;Колотильная машина и 2-х барабанная чесальная машина;0,45;0,76;
1425;;;;;;"Вибрационно-мягчильная машина ""Полиса"" ми шлифовальная мягчительная машина";0,23;0,83;
1426;;;;;;Машина для растяжки шкурок норки;0,23;0,73;
1427;;;;;;Измерительная машина;0,3;0,64;
1428;;;;;;Гидропресс;0,18;0,84;
1429;;;;;;Сушилка для подсушки;0,36;0,73;
1430;;;;;;Обрезная машина;0,23;0,59;
1431;;;;;;Аппарат для обезжиревания;0,27;0,83;
1432;;;;;;Машина для химической чистки;0,3;0,87;
1433;;;;;;Адсорбер;0,45;0,72;
1434;;;;;;Нитроагрегат;0,45;0,84;
1435;;;;;;Щеточная машина;0,36;0,76;
1436;;;;;;Скорняжная машина;0,45;0,54;
1437;;;Скорняжно-пошивочное производство;;;;;;
1438;;;;;;Агрегат для опарки шапок и агрегат для правки шапок;0,225;0,78;
1439;;;;;;Сушилка;0,58;0,73;
1440;;;;;;Машина маркеровочная, машина для измерения размеров головных уборов и машина для заполнения реквизитов на ленточке;0,23;0,56;
1441;;;;;;Машина для чистки и обжига;0,27;0,54;
1442;;;;;;Машина электрозакройная;0,33;0,64;
1443;;;;;;Пресс;0,23;0,72;
1444;;;;;;Автомат для печатания ярлыков;0,28;0,53;
1445;;;;;;Механическая линейка для обрезания полотен при настилании;0,23;0,53;
1446;;;;;;Машина для вырезания наружных контуров;0,3;0,54;
1447;;;;;;Машина для высекания внутренних конткров, лекал, машин для высекания фигурных ответстий в лекалах, утюг, станок для клеймения срезов лекал, машина для резки карточных заготовок лекал из рулона;0,23;0,58;
1448;;;;;;Пресс гидравлический и пачковязательная машина;0,23;0,59;
1449;;;;;;Машина раскройная четырехшкивная ленточная;0,27;0,64;
1450;;;;;;Машина фотоэлектронная для измерения площади лекал;0,27;0,54;
1451;;;;;;Установка для скоростного копирования лекал;0,27;0,72;
1452;;;;;;Машина швейная 12-ти игольная для стяжки ватина;0,36;0,73;
1453;;;;;;Щетка механическая для чистки изделий;0,23;0,76;
1454;;;;;;Швейная машина различных классов;0,36;0,58;
1455;;;;;;Механическая линейная для обрезки и клеймения полотен при настелании;0,3;0,54;
1456;;;;;;Автомат для печатания контрольно-маркировочных талонов;0,27;0,59;
1457;;;;;Транспортные стедства;;;;
1458;;;;;;Установка для перекачки мездры;0,54;0,86;
1459;;;;;;Установка с насосами для повторного использования стоков;0,36;0,79;
1460;;;;;;Транпортер для опилок;0,36;0,76;
1461;;;;;;Конвееры отделочные;0,36;0,76;
1462;;;;;;Перекидчик;0,23;0,76;
1463;;;;;;Бункер для опилок и лоскута;0,38;0,64;
1464;;;;;;Конвеер и транспортер механический для хранения и трансортирования лекал;0,45;0,76;
1465;;;;;;Механизированный настилочный стол с решающейся этажеркой;0,36;0,58;
1466;;;;;;Элеватор для хранения кроя;0,27;0,59;
1467;;;;;;Механизированная вешалка;0,27;0,64;
1468;;1.25.Промышленность искуственных кож и пленочных материалов;;;;;Ки;cosfi;
1469;;;Производство синтетической кожи;;;;;;
1470;;;;;;Линия для подготовки и смешивания синтетических волокон и линия для формирования лицевого покрытия синтитической кожи с эксперементальной камерой предкоагуляции;0,675;0,76;
1471;;;;;;Агрегат для формирования волокнистого слоя и предворительного иглопркалывния;0,63;0,87;
1472;;;;;;Агрегат для термоусадки и агрегат для дублирования;0,63;0,77;
1473;;;;;;Линия для пропитки волокнистой основы и агрегат для промывки;0,68;0,79;
1474;;;;;;Машина сушильно-ширильная;0,63;0,8;
1475;;;;;;Агрегат красильно-сушильный для отделки;0,5;0,76;
1476;;;;;;Щипальная машина с кондесатором, машина для набивки шерсти в мешки;0,45;0,77;
1477;;;;;;Шлифовальная машина и двоильно-ленточная машина;0,54;0,87;
1478;;;Производство столовой клеенки с ПВХ покрытием кашировальным методом;;;;;;
1479;;;;;;Двухсталийный смеситель и двухроторный смеситель;0,54;0,89;
1480;;;;;;Червячный асциллирующий смеситель;0,63;0,68;
1481;;;;;;Червячный пресс-кранолятор;0,63;0,87;
1482;;;;;;Установка пневмотранспортера и диспергатор для перетирования пегментов;0,63;0,8;
1483;;;;;;Вакуум-Насос;0,63;0,86;
1484;;;;;;Тепловая станция и диспергатор для перетирования наполнителей;0,63;0,86;
1485;;;;;;Весы автоматические;0,5;0,59;
1486;;;;;;Копировальная машина;0,67;0,77;
1487;;;;;;Печатная 4-х красочная машина;0,5;0,77;
1488;;;;;;Реактор емкостью до 1250 л;0,63;0,77;
1489;;;;;;Планетарный смеситель;0,55;0,76;
1490;;;;;;Установка для тиснения;0,68;0,86;
1491;;;;;;Каландр отделочный;0,49;0,87;
1492;;;;;;Машина для разблокировки клеенки;0,57;0,76;
1493;;;;;;Машина ширильно-цепная;0,58;0,77;
1494;;;;Цех рекуперации;;;;;
1495;;;;;;Вентиляторы технологической линии;0,7;0,89;
1496;;;;;;Насосы технологической линии;0,8;0,76;
1497;;;Производство винидуританиевой кожи;;;;;;
1498;;;;;;Контакт-дисельвер;0,63;0,8;
1499;;;;;;Краскотерка и мельница тонкого помола;0,54;0,86;
1500;;;;;;Вакуум-синусдисольвер;0,63;0,83;
1501;;;;;;Вакуум-мешалка;0,55;0,76;
1502;;;;;;Вакуум-насос;0,63;0,76;
1503;;;;;;Ленточно-шлифовальный станок;0,45;0,87;
1504;;;;;;Мяльный агрегат с распределительным шкафом;0,54;0,77;
1505;;;;;;Комбинированная браковочно-перемонтальная машина;0,45;0,83;
1506;;;;;;Тепловая установка;0,63;0,89;
1507;;;;;;Браковочно-перемонтальная машина для подложки;0,47;0,83;
1508;;;;;;Автоматическая тандем-установка для нанесения покрытия;0,68;0,87;
1509;;;Производство резины;;;;;;
1510;;;;;;Агрегат 4-х дисковый для резки синтетического каучука и нож гидравлический;0,23;0,85;
1511;;;;;;Вальцы 800 мм рафинирующие и резиносмеситель;0,55;0,8;
1512;;;;;;Камера механизированная для разогрева каучука;0,54;0,77;
1513;;;;;;Вальцы смесительные и вальцы подогревательные ;0,55;0,85 км;
1514;;;;;;Смеситель и краснотерка 3-х валковая;0,54;0,79;
1515;;;;;;Одночервячная машина;0,4;0,8;
1516;;;;;;Штамп-автомат;0,35;0,72;
1517;;;;;;Пресс карусельный вулказизационный;0,23;0,75;
1518;;;;;;Вулканизационный пресс гидравлический;0,23;0,75;
1519;;;;;;Двоильно-ленточная машина ;0,45;0,82;
1520;;;Производство регенератора;;;;;;
1521;;;;;;Девулканизатор непрерывного действия;0,54;0,85 емк;
1522;;;;;;Бункер с питателем;0,54;0,75;
1523;;;;;;Реактор-смеситель;0,54;0,88;
1524;;;;;;Бункер м ворошителем;0,54;0,59;
1525;;;;;;Дозатор с весовым контролем;0,23;0,73;
1526;;;;;;Буферная емкость для регенератной крошки с питателем;0,63;0,73;
1527;;;;;;Вальцы 800 мм дробильные;0,55;0,85 емк;
1528;;;;;;Вальцы размалывающие и рафинирующие;0,55;0,8;
1529;;;;;;Мельница тонкого измельчения;0,53;0,88;
1530;;;;;;Сито вибрационное однояростное;0,63;0,59;
1531;;;;;;Дробилка молотковая;0,63;0,74;
1532;;;Производство картона и кожкартона;;;;;;
1533;;;;;;Гидроразбиватель и коническая мельница;0,72;0,89;
1534;;;;;;Машина для предварительного измельчения отходов и длиносеточная машина;0,68;0,88;
1535;;;;;;Аппарат для работы под налив и реактор;0,63;0,83;
1536;;;;;;Кондукс тонкого размола;0,52;0,88;
1537;;;;;;Емкость для массы с мешалкой и реактор с рамой мешалкой;0,63;0,8;
1538;;;;;;Пресс для вырубки стелек и машина для раскроя картона на коробки;0,23;0,75;
1539;;;;;;Машина для сшивки коробок;0,23;0,54;
1540;;;;;;Горизонтальный транспортер;0,54;0,73;
1541;;;;;;Измечительная машина;0,52;0,9;
1542;;;;;;Мельница с металлическими дисками;0,52;0,6;
1543;;;;;;Циклические чаны с мешелкой;0,54;0,79;
1544;;;;;;Мельница с базальтовыми дисками;0,52;0,8;
1545;;;;;;Конический рафинер и чаны с мешалкой;0,54;0,9;
1546;;;;;;Двухстоточная машина;0,68;0,86;
1547;;;;;;Машина для резания рулонного картона на листы;0,58;0,87;
1548;;;;;;Машина для тиснения;0,45;0,88;
1549;;;;;;Машина для резания рулонного картона на ленты;0,375;0,8;
1550;;;;;;Линия для упаковки листов картона;0,575;0,75;
1551;;;;;;Малая краскотерочная машина;0,54;0,73;
1552;;;;;;Гидроразбиватель и коническая мельница;0,63;0,88;
1553;;;;;;Машина для предварительного измельчения кожеотходов и кондуксы;0,65;0,88;
1554;;;;;;Коническая мельница. Бассейн, дезенинтегратор и виброгрохот;0,63;0,8;
1555;;;;;;Гидропульпер;0,63;0,8;
1556;;;;;;Намоточная машина;0,75;0,83;
1557;;;;;;Кондуксы;0,53;0,88;
1558;;;;;;Центробежный очиститель;0,63;0,76;
1559;;;;;;Машина для мойки фетров;0,54;0,75;
1560;;;;;;Длиносеточная машина;0,68;0,88;
1561;;;;;;Установка для центрования и обрезки кромок;0,68;0,85;
1562;;;;;;Каландор отделочный и намоточная машина;0,68;0,83;
1563;;;;;;Шлифовальная машина с системой отсоса пыли;0,45;0,85;
1564;;;;;;Оборудование для предварительной сортировки;0,45;0,75;
1565;;;;;;Машина для резки картона;0,3;0,85;
1566;;;;;;Тионильный коландр;0,68;0,88;
1567;;;;;;Бассейны;0,8;0,89;
1568;;;;;;Реакторы, аппараты цельносварные, емкости для массы;0,7;0,8;
1569;;;;Вырубочно-формовочный цех;;;;;
1570;;;;;;Автомат для вырубки задников и автомат для спускания края задников;0,3;0,76;
1571;;;;;;Прессы для формирования и вырубки стелек и простилок и машина для шкурения стелек;0,23;0,76;
1572;;;;;;Машина для спускания края деталей;0,32;0,59;
1573;;;;;;Машина для формирования стелек;0,32;0,76;
1574;;;;;;Машина для связи стелек;0,32;0,54;
1575;;;;;;Машина для раскроя картона для каробок;0,225;0,73;
1576;;;;;;Машина для сшивки коробок;0,225;0,54;
1577;;1.26.Фарфоро-фаянсовая промышленность;;;;;Ки;cosfi;
1578;;;;;;Дробилки и вальцы грубого помола;0,35;0,75;
1579;;;;;;Дезинтеграторы;0,65;0,75;
1580;;;;;;Бегуны, штатомойки, смесители сухих компонентов, мшалки;0,65;0,7;
1581;;;;;;Грохоты вибрационные;0,7;0,7;
1582;;;;;;Сита;0,5;0,7;
1583;;;;;;Сепараторы;0,4;0,65;
1584;;;;;;Питатели;0,3;0,65;
1585;;;;;;Шкивы электромагнитные;0,65;0,7;
1586;;;;;;Машины глинорезольные;0,7;0,7;
1587;;;;;;Прессы, вакуумпессы;0,55;0,7;
1588;;;;;;Фильтры-прессы;0,58;0,7;
1589;;;;;;Барабаны сушильные автоматизированные, центрифуги, бетоносмесители;0,4;0,7;
1590;;;;;;Дозаторы весовые автоматизированные;0,3;0,7;
1591;;;;;;Полуавтоматы для формовки капселей, насосы мембранные, установки для литья изделий;0,66;0,7;
1592;;;;;;Дозаторы весовые автоматизированные;0,3;0,7;
1593;;;;;;Полуавтоматы для формовки капселей, насосы мембранные, установки для литья изделий;0,66;0,7;
1594;;;;;;Полуавтоматы для формовки плоских изделий и станки для калибровки гипсовых форм;0,4;0,7;
1595;;;;;;Полуавтоматы для формирования полых изделий, блюд, тарелок;0,58;0,7;
1596;;;;;;Мельницы;0,66;0,8;
1597;;;;;;Сушилка;0,65;0,8;
1598;;;;;;Автоматы для литья полых изделий, полуавтоматы оправочные, обдувка, глазурование. Шлифовки, декоррование, поточные м автоматизированные изготовление чашек, автомат для печати;0,7;0,7;
1599;;;;;;Полуавтоматы для отводки плоских изделий, упаковки стенки для печати через сетку;0,55;0,7;
1600;;;;;;Дробилки шековые лобораторные растворомешалки;0,3;0,7;
1601;;;;;;Электрические печи лабораторные;0,7;1;
1602;;1.27.Валяльно-войлочная промышленность;;;;;Ки;cosfi;
1603;;;;Приготовительный цех;;;;;
1604;;;;;;Трепальные машины, шипально-замасливающие, обрезепеющие и машины для разработки свалков нефти;0,68;0,8;
1605;;;;;;Питатель универсальный;0,65;0,78;
1606;;;;;;Смесовые машины;0,59;0,8;
1607;;;;Чесально-сновальный цех;;;;;
1608;;;;;;Чесальные машины;0,73;0,82;
1609;;;;;;Свойлачивающие полуавтоматы;0,69;0,75;
1610;;;;;;Свойлачивающие машины;0,56;0,7;
1611;;;;;;Машины катальные;0,66;0,75;
1612;;;;;;Станки для расправки основы, точильно-пропиловочные;0,75;0,8;
1613;;;;Участок обработки отходов;;;;;
1614;;;;;;Оборудование для обработки отходов;0,83;0,75;
1615;;;Фабрика валяной обуви;;;;;;
1616;;;;;;Молотовые машины;0,69;0,8;
1617;;;;;;Красильные аппараты;0,81;0,8;
1618;;;;;;Станки ролико-растяжные, рычажно-растяжные, насадочно-расколодочные, расправочно-отжимные;0,7;0,8;
1619;;;;;;Сушильные камеры;0,7;0,8;
1620;;;Фабрики по производству войлока и полировальных кругов;;;;;;
1621;;;;;;Универсально свойлочные машины;0,47;0,8;
1622;;;;;;Кисловочные машины;0,82;0,87;
1623;;;;;;Красильные аппараты;0,8;0,8;
1624;;;;;;Сушильно-ширильные машины;0,7;0,8;
1625;;;;;;Сушильные камеры и сушилки для кругов;0,75;0,8;
1626;;;;Отделочный цех;;;;;
1627;;;;;;Станки для полировки, обрезки, шлифовки валяной обуви;0,5;0,75;
1628;;;;;;Машины для комплексной отделки поверхности валенок с электро-опаливанием;0,9;0,97;
1629;;;;;;Машины для сухой отделки;0,62;0,8;
1630;;;;;;Машины для обкатки войлочных полировальных кругов;0,8;0,86;
1631;;;;;;Прнсса гидравлические;0,5;0,86;
1632;;;;Цех обрезинивания;;;;;
1633;;;;;;Вальцы подогревательные;0,8;0,8;
1634;;;;;;Пресса электрогидравлические;0,5;0,86;
1635;;;;;;Пресса-автоматы для горячей вулканизации;0,8;1;
1636;;;;;;Гидропривод;0,75;0,8;
1637;;;;;;Участок строительного войлока, машины для разробртки войлочного лоскута;0,8;0,85;
1638;;1.28.Предприятия по изготовлению техоснастки и пласмасовой фурнитуры;;;;;Ки;cosfi;
1639;;;;;;Сверлийные, точильно-шлифовальные резьбонарезные, зубофрезерные и зубодолбежные станки;0,16;0,6;
1640;;;;;;Кузнечно-прессовое оборудование, гидравлические прессы, термоавтоматы;0,65;0,8;
1641;;;;;;Насосы масляные гальваники и окрасочных цехов;;;
1642;;;;;;Ножницы гибочные оборудование, мостовые краны литейных цехов;0,45;0,65;
1643;;;;;;Галтовочное и очистные барабаны, сварочные транформаторы ручной сварки, волочильные и протяжные станки, решетка выбивная;0,25;0,65;
1644;;;;;;Трансформаторы для полуавтоматической и автоматической сварки, питатели дисковые;0,4;0,55;
1645;;;;;;Токарные станки, автоматы и полуавтоматы, металлообрабатывающие станки литейного производства;0,2;0,6;
1646;;;;;;Фрезерные. Строительные расточные станки;0,17;0,65;
1647;;;;;;Кран-балки, тельферы, лифты;0,3;0,5;
1648;;;;;;Сушильные шкафы, камеры, печи сопротивления;0,8;1;
1649;;;;;;Кран-балки, тельферы, лифты, станки перевообрабатывающие;0,3;0,6;
1650;;;;;;Дымососы печей, окрасочные камеры, индукционные печи высокой частоты;0,7;0,8;
1651;;;;;;Машины консольные для центробежного литья;0,7;0,8;
1652;;;;;;Агрегаты гальванического покрытия;0,6;0,9;
1653;;;;;;Пневмотранспорт деревообделочного оборудования. Шаровые мельницы, дробилки комбинированные;0,85;0,85;
1654;;;;;;Питатели вибрационные и бункеры с вибрационными питателями;0,98;0,6;
1655;;;;;;Барабаны сушильные, элеваторы ковшовые;0,6;0,7;
1656;;;;;;Конвееры ленточные;0,5;0,7;
1657;;;;;;Бегуны смешивающие;0,7;0,65;
1658;;;;;;Питатели качающиеся;0,6;0,8;
1659;;;;;;Установки магнитной сепарации;0,4;0,8;
1660;;;;;;Индукционные печи низкой частоты;0,7;0,35;
1661;;;;Вспомогательные службы;;;;;
1662;;;;;;Подсобное оборудование прядильно-ткацких производств (валичные, точильные, клееварки);0,4;0,7;
1663;;;;;;Внутрицеховой транспорт непрерывный;0,4;0,75;
1664;;;;;;Электрические краны, штабеллеры;0,3;0,75;
1665;;;;;;Оборудование химических станций и красковарок, емкостей с мешалками;0,5;0,76;
1666;;;;;;Холодильные станции (низковольтные токоприемники кроме насосов и холодильных машин);0,75;0,84;
1667;;;;;;Градирни;0,7;0,8;
1668;;;;;;Оборудование складов сырья и химикатов;0,25;0,75;
1669;;;;;;Оборудование пожарных депо;0,3;0,78;
1670;;;;;;Лаборатории;0,3;0,75;
1671;;;;;;Центральные ремонтные и прочие мастерские;0,3;0,8;
1672;;;;;Столовые:;;;;
1673;;;;;;а) электроплиты и электрофритюрницы;0,65;1;
1674;;;;;;б) электрические мармиты, тепловые шкафы, электросковороды и тепловые стойки;0,5;1;
1675;;;;;;в) прочее электрооборудование;0,3;0,7;
1676;;;;;;Зарядные станции тяговых аккумуляторов;0,4;0,75;
